title,2億の失敗プロジェクトを経験したからこそ伝えたい要件定義前にやるべきこと│【リカイゼン】見積依頼・発注先探しのビジネスマッチングサイト
p,            BUSINESS TIPS発注担当者の方へ、発注成功の為のお役立ち情報
h1,  2億の失敗プロジェクトを経験したからこそ伝えたい要件定義前にやるべきこと
h2,    2億の失敗プロジェクトを経験したからこそ伝えたい要件定義前にやるべきこと
p,            
p,            「日経コンピュータ」の調査によると、システム開発のプロジェクト成功率は15年前の26.7％から昨年は52.8％と26.1ポイントも改善されたそう。成功率が劇的に向上した！と楽観視する一方で、半分が失敗しているというのも現実です。ちなみに失敗理由の筆頭は、「要件定義が不十分」で、スケジュールを守れなかった理由は「システムの使用変更が相次いだから」としており、スケジュールを守れなかったプロジェクトで最も苦労した工程は、ここでも「要件定義」という回答が最も多かった。
h2,    目次
h2,    業務構造を知らずして、要件定義は成り立たない
p,            以前勤務していた会社の業務システム開発の予算は2億円でした。それまで使用していたシステムは、Accessベースのもので増設を繰り返し、不具合の箇所を直すと、ほかで不具合が発生するような危険な状態でした。システムの不具合を回避するために知らぬ間にアナログの運用ルールが増えていき、データのトレーサビリティや整合性が取れない状態にまでなっていました。当時の経営層は、大規模なシステム開発が初めてで、2億という予算を提示したことで満足してしまい、まずはプロの業務コンサルにお金をかけて業務整理をした上で要件定義に入るべきだという開発会社からのアドバイスを無視する決断をしてしまったのです。そして予想どおり、2億を使いきっても一部のシステムしか開発できず、2年のうちにさらに2億以上の予算をかけて開発しなおすことになりました。目先の予算に囚われて、業務構造を知らぬまま、要件定義をしてしまったことで倍以上のコストがかかった失敗プロジェクトになりました。
h2,    要件定義を制する者が、プロジェクトを成功に導く
p,            世界基準に比べ保有者数は下回るものの、日本国内でもPMP資格保有者数は年々増加しています。またプロジェクト管理ツールも数多く出回るなど、システム開発のプロジェクト管理は環境として随分と改善されてきています。それに伴い、システム開発プロジェクトの成功率も上昇しているのだと推測されますが、それでもまだプロジェクトの肝である「要件定義」に課題感が残る現状です。ではどのように要件定義を進めれば、成功率を引き上げることができるのでしょうか。
h3,      要件定義の基本的な流れ
p,            まずは開発の全体像と、要件定義の基本的な流れを把握しておきましょう。
h4,        【ソフトウェアの開発プロセス】
p,            STEP1　企画STEP2　業務設計STEP3　要件定義★STEP4　設計STEP5　実装STEP6　テストSTEP7　導入STEP8　リリース
h4,        【要件定義の基本的な流れ】
p,            STEP1　要望を出すSTEP2　要望から要求への変換STEP3　要求の検討STEP4　代替案の提案STEP5　提案⇔要求の繰り返しSTEP6　合意＝要件の成立
h2,    一番手間をかけるべきは、要件定義の前準備
p,            前述したとおり、業務コンサルをスキップして要件定義したために2億を無駄にしてしまったわけですから、要件定義前にやるべき準備をご紹介します。
h3,      企画内容の確認
p,            システム開発をするという決断はとても大きなものです。何かしらの課題があり、目的があって企画され予算が割り当てられるわけですから、どういった背景があるのかを把握しておきまそう。もし企画書が存在しない…なんてことがあれば、ゴールが無いレースに出るようなものです。分厚い企画書があっても内容が不十分では同じこと。最低でも下記7項目は確認しておきましょう。●なぜ開発するのか●何を開発するのか●それはいったい何をするものか●それを使う人はだれか●使った人が得られるベネフィットは何か●どんな体制でつくるのか●いつまでにつくるのか
h2,    業務整理は横断的に
p,            業務整理となると、部署ごとに呼び出されて業務ヒアリングを受けて、個別に進められることが多いです。最初は各部署の担当者が業務を整理・把握する必要がありますが、セカンドステップでは、部署の代表者を集めて関係性を明確にさせます。例えば、自分の部署では売り上げを入力することが仕事だとします。その数字をほかのだれが見ているか知っていますか？その数字を使ってほかにどんな業務があるか知っていますか？もし、先月の売上数字をあなたが削除してしまった場合、どんな影響が出るか知っていますか？このように、自分の仕事のはじめと終わりは分かっていても、その続きがあることや互いの関係性を理解して作業に従事しているのはかなり稀なケースです。一堂に会して話していると、どうりで数字が合わないわけだとか、問題点がシステムではなく運用で解決できるものだったという気づきが生まれ、本来開発すべき要件がどんどん整理されていきます。この作業は会議で押し問答になったり、時間がかかったりとかなり負荷が高いですが端折ったりせず、時間を確保して必ず実行してほしい作業です。この作業は、同時にシステム担当者もしくは開発会社に丸投げさせないためにも重要です。業務内容や問題点は伝えたから、あとはよろしく！というのは、後にトラブルを招きます。実務者を巻き込み、責任をもたせてこそ成功プロジェクトへと近づいていきます。
h2,    まとめ
p,            システム開発プロジェクトの成功は要件定義にあり、要件定義の成功には業務整理がある。予算も時間もかかるものだからこそ、丁寧に順を追ってすすめることが重要です。しかしながら、プロの業務コンサルを入れることがすべてではありません。コンサルを入れても自発的な取り組みがなければコストばかりが増えていき、成功にはつながらないので、あくまでコンサルの第三者的意見や、知識・経験談、確立されたフレームワークを参考にさせてもらう程度だと思って導入するのがおすすめです。経営層ともここはしっかり握っておきましょう。
p,            
p,            LINEスタンプの費用や依頼方法のモヤモヤを解消しよう！
p,            ざっくり希望を書くだけで、発注サポート経験豊富な専任スタッフが、 あなたに変わって無料で見積取得を行います！企画中の相談や金額だけが知りたい場合でもご利用いただけます。
p,            ソフトウェア・業務システム開発を外注したいけれども不安がある方へ
p,            ・やっぱり自分で会社を探したり選定したりするのは不安・専門知識がなくて不安、依頼するための要件をまとめるのに不安があるという方は、ぜひリカイゼンにご相談ください！発注サポート経験豊富な専任スタッフがあなたのご要望をお聞きし、最適な会社をご紹介いたします！ご相談から会社のご紹介まで全て無料でご利用いただけます。お気軽にご相談ください。
h3,      今すぐソフトウェア・業務システム開発の相談ができる会社へお問い合わせしたい方はこちら
h3,      株式会社コア・クリエイション
p,            
h3,      株式会社アヴァンザ
p,            
h3,      アクトシステムズ株式会社
p,            
h3,      サインポストオフィス株式会社
p,            
p,            ＼費用用、事例が一覧で見れる！無料で簡単一括問い合わせ／！
p,            ソフトウェア・業務システム開発の関連記事
p,            Lineにも使われている！P2P技術について簡単解説
p,            【P2P(ピアツーピア)ネットワークとは？】   ブロックチェーンは通常のネットワークとは異なる、P2Pネットワーク(ピアツーピアネットワーク)というネットワークを利用してできています。いったい、どのようなものなのでしょうか...
p,            今知っておくべきブロックチェーンについて〜簡単解説〜
p,            ブロックチェーンとは何？   2017年頃から仮想通貨投資で有名になり、今は落ち着いた感のある「ブロックチェーン」ですが、一体何かご存知でしょうか？一般的にはブロックチェーン=仮想通貨というイメージが先行しておりますが、これ...
p,            リリース間近に問題が起きやすい３つの理由とその対処法
p,            受託開発ではたびたび見かける光景ですが、 リリースが近くなるにつれてどんどん忙しくなっていきます。 別の案件もあって取り掛かるのが遅くなったといった理由もあるとは思いますが、 それ以外で予定通り進まない要因がいくつか存在しま...
p,            テレワーク向けネットワーク設計・構築サービス
p,            【1】開発エンジニアの『在宅勤務100%』を実現！テレワーク導入支援！━━━━━━━━━━━━━━━━━━━━━━━━━━━━━━━━━━━━━━●テレワーク導入支援サービスに関する特設ページを開設！弊社の開発部門のエンジニ...
p,            ファッションテックとは？IT活用における次の施策は「パーソナライズ」化
p,            ファッション業界に興味がない場合、「ファッションテック」という分野にはあまり触れる機会がないかもしれません。 衣食住の一つとして、衣は誰もが生活に必要となるものです。そこから考えると、ファッションテックも身近なものになるので...
p,            ソフトウェア・業務システム開発に関連する記事を見る
p,            記事を探す
p,            キーワードで探す
p,            カテゴリーで探す
h2,    ご相談はこちらから！
p,            発注先探しのご依頼のほか、ご質問・ご相談などもお気軽にお問い合わせください。
h3,      お電話でのご相談
h3,      WEBでのご相談申し込み
p,            WEBお申し込み後、即日または翌営業日にサポートデスクからご連絡をさせていただきます。
p,            申し込み完了後、サポートデスクからお電話またはメールにてご連絡させていただきます。
h2,    CONTACT リカイゼンサポートデスクに無料相談
p,            問い合わせ内容を確認後、サポートデスクよりご連絡させていただきます。
p,            ※「見積もりだけ知りたい」や「対応可否を確認したい」など無料でお答えします！※紹介企業や見積もりが合わない場合は、お断りいただくことも可能です。
h3,      リカイゼンメニュー
h4,        リカイゼンで頼めること（対応カテゴリー）
h4,        発注成功の為のお役立ち情報
title,close_btn
title,2億の失敗プロジェクトを経験したからこそ伝えたい要件定義前にやるべきこと│【リカイゼン】見積依頼・発注先探しのビジネスマッチングサイト
p,            BUSINESS TIPS発注担当者の方へ、発注成功の為のお役立ち情報
h1,  2億の失敗プロジェクトを経験したからこそ伝えたい要件定義前にやるべきこと
h2,    2億の失敗プロジェクトを経験したからこそ伝えたい要件定義前にやるべきこと
p,            
p,            「日経コンピュータ」の調査によると、システム開発のプロジェクト成功率は15年前の26.7％から昨年は52.8％と26.1ポイントも改善されたそう。成功率が劇的に向上した！と楽観視する一方で、半分が失敗しているというのも現実です。ちなみに失敗理由の筆頭は、「要件定義が不十分」で、スケジュールを守れなかった理由は「システムの使用変更が相次いだから」としており、スケジュールを守れなかったプロジェクトで最も苦労した工程は、ここでも「要件定義」という回答が最も多かった。
h2,    目次
h2,    業務構造を知らずして、要件定義は成り立たない
p,            以前勤務していた会社の業務システム開発の予算は2億円でした。それまで使用していたシステムは、Accessベースのもので増設を繰り返し、不具合の箇所を直すと、ほかで不具合が発生するような危険な状態でした。システムの不具合を回避するために知らぬ間にアナログの運用ルールが増えていき、データのトレーサビリティや整合性が取れない状態にまでなっていました。当時の経営層は、大規模なシステム開発が初めてで、2億という予算を提示したことで満足してしまい、まずはプロの業務コンサルにお金をかけて業務整理をした上で要件定義に入るべきだという開発会社からのアドバイスを無視する決断をしてしまったのです。そして予想どおり、2億を使いきっても一部のシステムしか開発できず、2年のうちにさらに2億以上の予算をかけて開発しなおすことになりました。目先の予算に囚われて、業務構造を知らぬまま、要件定義をしてしまったことで倍以上のコストがかかった失敗プロジェクトになりました。
h2,    要件定義を制する者が、プロジェクトを成功に導く
p,            世界基準に比べ保有者数は下回るものの、日本国内でもPMP資格保有者数は年々増加しています。またプロジェクト管理ツールも数多く出回るなど、システム開発のプロジェクト管理は環境として随分と改善されてきています。それに伴い、システム開発プロジェクトの成功率も上昇しているのだと推測されますが、それでもまだプロジェクトの肝である「要件定義」に課題感が残る現状です。ではどのように要件定義を進めれば、成功率を引き上げることができるのでしょうか。
h3,      要件定義の基本的な流れ
p,            まずは開発の全体像と、要件定義の基本的な流れを把握しておきましょう。
h4,        【ソフトウェアの開発プロセス】
p,            STEP1　企画STEP2　業務設計STEP3　要件定義★STEP4　設計STEP5　実装STEP6　テストSTEP7　導入STEP8　リリース
h4,        【要件定義の基本的な流れ】
p,            STEP1　要望を出すSTEP2　要望から要求への変換STEP3　要求の検討STEP4　代替案の提案STEP5　提案⇔要求の繰り返しSTEP6　合意＝要件の成立
h2,    一番手間をかけるべきは、要件定義の前準備
p,            前述したとおり、業務コンサルをスキップして要件定義したために2億を無駄にしてしまったわけですから、要件定義前にやるべき準備をご紹介します。
h3,      企画内容の確認
p,            システム開発をするという決断はとても大きなものです。何かしらの課題があり、目的があって企画され予算が割り当てられるわけですから、どういった背景があるのかを把握しておきまそう。もし企画書が存在しない…なんてことがあれば、ゴールが無いレースに出るようなものです。分厚い企画書があっても内容が不十分では同じこと。最低でも下記7項目は確認しておきましょう。●なぜ開発するのか●何を開発するのか●それはいったい何をするものか●それを使う人はだれか●使った人が得られるベネフィットは何か●どんな体制でつくるのか●いつまでにつくるのか
h2,    業務整理は横断的に
p,            業務整理となると、部署ごとに呼び出されて業務ヒアリングを受けて、個別に進められることが多いです。最初は各部署の担当者が業務を整理・把握する必要がありますが、セカンドステップでは、部署の代表者を集めて関係性を明確にさせます。例えば、自分の部署では売り上げを入力することが仕事だとします。その数字をほかのだれが見ているか知っていますか？その数字を使ってほかにどんな業務があるか知っていますか？もし、先月の売上数字をあなたが削除してしまった場合、どんな影響が出るか知っていますか？このように、自分の仕事のはじめと終わりは分かっていても、その続きがあることや互いの関係性を理解して作業に従事しているのはかなり稀なケースです。一堂に会して話していると、どうりで数字が合わないわけだとか、問題点がシステムではなく運用で解決できるものだったという気づきが生まれ、本来開発すべき要件がどんどん整理されていきます。この作業は会議で押し問答になったり、時間がかかったりとかなり負荷が高いですが端折ったりせず、時間を確保して必ず実行してほしい作業です。この作業は、同時にシステム担当者もしくは開発会社に丸投げさせないためにも重要です。業務内容や問題点は伝えたから、あとはよろしく！というのは、後にトラブルを招きます。実務者を巻き込み、責任をもたせてこそ成功プロジェクトへと近づいていきます。
h2,    まとめ
p,            システム開発プロジェクトの成功は要件定義にあり、要件定義の成功には業務整理がある。予算も時間もかかるものだからこそ、丁寧に順を追ってすすめることが重要です。しかしながら、プロの業務コンサルを入れることがすべてではありません。コンサルを入れても自発的な取り組みがなければコストばかりが増えていき、成功にはつながらないので、あくまでコンサルの第三者的意見や、知識・経験談、確立されたフレームワークを参考にさせてもらう程度だと思って導入するのがおすすめです。経営層ともここはしっかり握っておきましょう。
p,            
p,            LINEスタンプの費用や依頼方法のモヤモヤを解消しよう！
p,            ざっくり希望を書くだけで、発注サポート経験豊富な専任スタッフが、 あなたに変わって無料で見積取得を行います！企画中の相談や金額だけが知りたい場合でもご利用いただけます。
p,            ソフトウェア・業務システム開発を外注したいけれども不安がある方へ
p,            ・やっぱり自分で会社を探したり選定したりするのは不安・専門知識がなくて不安、依頼するための要件をまとめるのに不安があるという方は、ぜひリカイゼンにご相談ください！発注サポート経験豊富な専任スタッフがあなたのご要望をお聞きし、最適な会社をご紹介いたします！ご相談から会社のご紹介まで全て無料でご利用いただけます。お気軽にご相談ください。
h3,      今すぐソフトウェア・業務システム開発の相談ができる会社へお問い合わせしたい方はこちら
h3,      株式会社ＬＩＰ
p,            
h3,      株式会社末広システム
p,            
h3,      株式会社システム総合研究所
p,            
h3,      株式会社CFA
p,            
p,            ＼費用用、事例が一覧で見れる！無料で簡単一括問い合わせ／！
p,            ソフトウェア・業務システム開発の関連記事
p,            Lineにも使われている！P2P技術について簡単解説
p,            【P2P(ピアツーピア)ネットワークとは？】   ブロックチェーンは通常のネットワークとは異なる、P2Pネットワーク(ピアツーピアネットワーク)というネットワークを利用してできています。いったい、どのようなものなのでしょうか...
p,            今知っておくべきブロックチェーンについて〜簡単解説〜
p,            ブロックチェーンとは何？   2017年頃から仮想通貨投資で有名になり、今は落ち着いた感のある「ブロックチェーン」ですが、一体何かご存知でしょうか？一般的にはブロックチェーン=仮想通貨というイメージが先行しておりますが、これ...
p,            リリース間近に問題が起きやすい３つの理由とその対処法
p,            受託開発ではたびたび見かける光景ですが、 リリースが近くなるにつれてどんどん忙しくなっていきます。 別の案件もあって取り掛かるのが遅くなったといった理由もあるとは思いますが、 それ以外で予定通り進まない要因がいくつか存在しま...
p,            テレワーク向けネットワーク設計・構築サービス
p,            【1】開発エンジニアの『在宅勤務100%』を実現！テレワーク導入支援！━━━━━━━━━━━━━━━━━━━━━━━━━━━━━━━━━━━━━━●テレワーク導入支援サービスに関する特設ページを開設！弊社の開発部門のエンジニ...
p,            ファッションテックとは？IT活用における次の施策は「パーソナライズ」化
p,            ファッション業界に興味がない場合、「ファッションテック」という分野にはあまり触れる機会がないかもしれません。 衣食住の一つとして、衣は誰もが生活に必要となるものです。そこから考えると、ファッションテックも身近なものになるので...
p,            ソフトウェア・業務システム開発に関連する記事を見る
p,            記事を探す
p,            キーワードで探す
p,            カテゴリーで探す
h2,    ご相談はこちらから！
p,            発注先探しのご依頼のほか、ご質問・ご相談などもお気軽にお問い合わせください。
h3,      お電話でのご相談
h3,      WEBでのご相談申し込み
p,            WEBお申し込み後、即日または翌営業日にサポートデスクからご連絡をさせていただきます。
p,            申し込み完了後、サポートデスクからお電話またはメールにてご連絡させていただきます。
h2,    CONTACT リカイゼンサポートデスクに無料相談
p,            問い合わせ内容を確認後、サポートデスクよりご連絡させていただきます。
p,            ※「見積もりだけ知りたい」や「対応可否を確認したい」など無料でお答えします！※紹介企業や見積もりが合わない場合は、お断りいただくことも可能です。
h3,      リカイゼンメニュー
h4,        リカイゼンで頼めること（対応カテゴリー）
h4,        発注成功の為のお役立ち情報
title,close_btn
title,2億の失敗プロジェクトを経験したからこそ伝えたい要件定義前にやるべきこと│【リカイゼン】見積依頼・発注先探しのビジネスマッチングサイト
p,            BUSINESS TIPS発注担当者の方へ、発注成功の為のお役立ち情報
h1,  2億の失敗プロジェクトを経験したからこそ伝えたい要件定義前にやるべきこと
h2,    2億の失敗プロジェクトを経験したからこそ伝えたい要件定義前にやるべきこと
p,            
p,            「日経コンピュータ」の調査によると、システム開発のプロジェクト成功率は15年前の26.7％から昨年は52.8％と26.1ポイントも改善されたそう。成功率が劇的に向上した！と楽観視する一方で、半分が失敗しているというのも現実です。ちなみに失敗理由の筆頭は、「要件定義が不十分」で、スケジュールを守れなかった理由は「システムの使用変更が相次いだから」としており、スケジュールを守れなかったプロジェクトで最も苦労した工程は、ここでも「要件定義」という回答が最も多かった。
h2,    目次
h2,    業務構造を知らずして、要件定義は成り立たない
p,            以前勤務していた会社の業務システム開発の予算は2億円でした。それまで使用していたシステムは、Accessベースのもので増設を繰り返し、不具合の箇所を直すと、ほかで不具合が発生するような危険な状態でした。システムの不具合を回避するために知らぬ間にアナログの運用ルールが増えていき、データのトレーサビリティや整合性が取れない状態にまでなっていました。当時の経営層は、大規模なシステム開発が初めてで、2億という予算を提示したことで満足してしまい、まずはプロの業務コンサルにお金をかけて業務整理をした上で要件定義に入るべきだという開発会社からのアドバイスを無視する決断をしてしまったのです。そして予想どおり、2億を使いきっても一部のシステムしか開発できず、2年のうちにさらに2億以上の予算をかけて開発しなおすことになりました。目先の予算に囚われて、業務構造を知らぬまま、要件定義をしてしまったことで倍以上のコストがかかった失敗プロジェクトになりました。
h2,    要件定義を制する者が、プロジェクトを成功に導く
p,            世界基準に比べ保有者数は下回るものの、日本国内でもPMP資格保有者数は年々増加しています。またプロジェクト管理ツールも数多く出回るなど、システム開発のプロジェクト管理は環境として随分と改善されてきています。それに伴い、システム開発プロジェクトの成功率も上昇しているのだと推測されますが、それでもまだプロジェクトの肝である「要件定義」に課題感が残る現状です。ではどのように要件定義を進めれば、成功率を引き上げることができるのでしょうか。
h3,      要件定義の基本的な流れ
p,            まずは開発の全体像と、要件定義の基本的な流れを把握しておきましょう。
h4,        【ソフトウェアの開発プロセス】
p,            STEP1　企画STEP2　業務設計STEP3　要件定義★STEP4　設計STEP5　実装STEP6　テストSTEP7　導入STEP8　リリース
h4,        【要件定義の基本的な流れ】
p,            STEP1　要望を出すSTEP2　要望から要求への変換STEP3　要求の検討STEP4　代替案の提案STEP5　提案⇔要求の繰り返しSTEP6　合意＝要件の成立
h2,    一番手間をかけるべきは、要件定義の前準備
p,            前述したとおり、業務コンサルをスキップして要件定義したために2億を無駄にしてしまったわけですから、要件定義前にやるべき準備をご紹介します。
h3,      企画内容の確認
p,            システム開発をするという決断はとても大きなものです。何かしらの課題があり、目的があって企画され予算が割り当てられるわけですから、どういった背景があるのかを把握しておきまそう。もし企画書が存在しない…なんてことがあれば、ゴールが無いレースに出るようなものです。分厚い企画書があっても内容が不十分では同じこと。最低でも下記7項目は確認しておきましょう。●なぜ開発するのか●何を開発するのか●それはいったい何をするものか●それを使う人はだれか●使った人が得られるベネフィットは何か●どんな体制でつくるのか●いつまでにつくるのか
h2,    業務整理は横断的に
p,            業務整理となると、部署ごとに呼び出されて業務ヒアリングを受けて、個別に進められることが多いです。最初は各部署の担当者が業務を整理・把握する必要がありますが、セカンドステップでは、部署の代表者を集めて関係性を明確にさせます。例えば、自分の部署では売り上げを入力することが仕事だとします。その数字をほかのだれが見ているか知っていますか？その数字を使ってほかにどんな業務があるか知っていますか？もし、先月の売上数字をあなたが削除してしまった場合、どんな影響が出るか知っていますか？このように、自分の仕事のはじめと終わりは分かっていても、その続きがあることや互いの関係性を理解して作業に従事しているのはかなり稀なケースです。一堂に会して話していると、どうりで数字が合わないわけだとか、問題点がシステムではなく運用で解決できるものだったという気づきが生まれ、本来開発すべき要件がどんどん整理されていきます。この作業は会議で押し問答になったり、時間がかかったりとかなり負荷が高いですが端折ったりせず、時間を確保して必ず実行してほしい作業です。この作業は、同時にシステム担当者もしくは開発会社に丸投げさせないためにも重要です。業務内容や問題点は伝えたから、あとはよろしく！というのは、後にトラブルを招きます。実務者を巻き込み、責任をもたせてこそ成功プロジェクトへと近づいていきます。
h2,    まとめ
p,            システム開発プロジェクトの成功は要件定義にあり、要件定義の成功には業務整理がある。予算も時間もかかるものだからこそ、丁寧に順を追ってすすめることが重要です。しかしながら、プロの業務コンサルを入れることがすべてではありません。コンサルを入れても自発的な取り組みがなければコストばかりが増えていき、成功にはつながらないので、あくまでコンサルの第三者的意見や、知識・経験談、確立されたフレームワークを参考にさせてもらう程度だと思って導入するのがおすすめです。経営層ともここはしっかり握っておきましょう。
p,            
p,            LINEスタンプの費用や依頼方法のモヤモヤを解消しよう！
p,            ざっくり希望を書くだけで、発注サポート経験豊富な専任スタッフが、 あなたに変わって無料で見積取得を行います！企画中の相談や金額だけが知りたい場合でもご利用いただけます。
p,            ソフトウェア・業務システム開発を外注したいけれども不安がある方へ
p,            ・やっぱり自分で会社を探したり選定したりするのは不安・専門知識がなくて不安、依頼するための要件をまとめるのに不安があるという方は、ぜひリカイゼンにご相談ください！発注サポート経験豊富な専任スタッフがあなたのご要望をお聞きし、最適な会社をご紹介いたします！ご相談から会社のご紹介まで全て無料でご利用いただけます。お気軽にご相談ください。
h3,      今すぐソフトウェア・業務システム開発の相談ができる会社へお問い合わせしたい方はこちら
h3,      有限会社e・ナレッジ
p,            
h3,      株式会社 m-Lab
p,            
h3,      アイマツソフト株式会社
p,            
h3,      株式会社CMatrix
p,            
p,            ＼費用用、事例が一覧で見れる！無料で簡単一括問い合わせ／！
p,            ソフトウェア・業務システム開発の関連記事
p,            Lineにも使われている！P2P技術について簡単解説
p,            【P2P(ピアツーピア)ネットワークとは？】   ブロックチェーンは通常のネットワークとは異なる、P2Pネットワーク(ピアツーピアネットワーク)というネットワークを利用してできています。いったい、どのようなものなのでしょうか...
p,            今知っておくべきブロックチェーンについて〜簡単解説〜
p,            ブロックチェーンとは何？   2017年頃から仮想通貨投資で有名になり、今は落ち着いた感のある「ブロックチェーン」ですが、一体何かご存知でしょうか？一般的にはブロックチェーン=仮想通貨というイメージが先行しておりますが、これ...
p,            リリース間近に問題が起きやすい３つの理由とその対処法
p,            受託開発ではたびたび見かける光景ですが、 リリースが近くなるにつれてどんどん忙しくなっていきます。 別の案件もあって取り掛かるのが遅くなったといった理由もあるとは思いますが、 それ以外で予定通り進まない要因がいくつか存在しま...
p,            テレワーク向けネットワーク設計・構築サービス
p,            【1】開発エンジニアの『在宅勤務100%』を実現！テレワーク導入支援！━━━━━━━━━━━━━━━━━━━━━━━━━━━━━━━━━━━━━━●テレワーク導入支援サービスに関する特設ページを開設！弊社の開発部門のエンジニ...
p,            ファッションテックとは？IT活用における次の施策は「パーソナライズ」化
p,            ファッション業界に興味がない場合、「ファッションテック」という分野にはあまり触れる機会がないかもしれません。 衣食住の一つとして、衣は誰もが生活に必要となるものです。そこから考えると、ファッションテックも身近なものになるので...
p,            ソフトウェア・業務システム開発に関連する記事を見る
p,            記事を探す
p,            キーワードで探す
p,            カテゴリーで探す
h2,    ご相談はこちらから！
p,            発注先探しのご依頼のほか、ご質問・ご相談などもお気軽にお問い合わせください。
h3,      お電話でのご相談
h3,      WEBでのご相談申し込み
p,            WEBお申し込み後、即日または翌営業日にサポートデスクからご連絡をさせていただきます。
p,            申し込み完了後、サポートデスクからお電話またはメールにてご連絡させていただきます。
h2,    CONTACT リカイゼンサポートデスクに無料相談
p,            問い合わせ内容を確認後、サポートデスクよりご連絡させていただきます。
p,            ※「見積もりだけ知りたい」や「対応可否を確認したい」など無料でお答えします！※紹介企業や見積もりが合わない場合は、お断りいただくことも可能です。
h3,      リカイゼンメニュー
h4,        リカイゼンで頼めること（対応カテゴリー）
h4,        発注成功の為のお役立ち情報
title,close_btn
title,2億の失敗プロジェクトを経験したからこそ伝えたい要件定義前にやるべきこと│【リカイゼン】見積依頼・発注先探しのビジネスマッチングサイト
p,            BUSINESS TIPS発注担当者の方へ、発注成功の為のお役立ち情報
h1,  2億の失敗プロジェクトを経験したからこそ伝えたい要件定義前にやるべきこと
h2,    2億の失敗プロジェクトを経験したからこそ伝えたい要件定義前にやるべきこと
p,            
p,            「日経コンピュータ」の調査によると、システム開発のプロジェクト成功率は15年前の26.7％から昨年は52.8％と26.1ポイントも改善されたそう。成功率が劇的に向上した！と楽観視する一方で、半分が失敗しているというのも現実です。ちなみに失敗理由の筆頭は、「要件定義が不十分」で、スケジュールを守れなかった理由は「システムの使用変更が相次いだから」としており、スケジュールを守れなかったプロジェクトで最も苦労した工程は、ここでも「要件定義」という回答が最も多かった。
h2,    目次
h2,    業務構造を知らずして、要件定義は成り立たない
p,            以前勤務していた会社の業務システム開発の予算は2億円でした。それまで使用していたシステムは、Accessベースのもので増設を繰り返し、不具合の箇所を直すと、ほかで不具合が発生するような危険な状態でした。システムの不具合を回避するために知らぬ間にアナログの運用ルールが増えていき、データのトレーサビリティや整合性が取れない状態にまでなっていました。当時の経営層は、大規模なシステム開発が初めてで、2億という予算を提示したことで満足してしまい、まずはプロの業務コンサルにお金をかけて業務整理をした上で要件定義に入るべきだという開発会社からのアドバイスを無視する決断をしてしまったのです。そして予想どおり、2億を使いきっても一部のシステムしか開発できず、2年のうちにさらに2億以上の予算をかけて開発しなおすことになりました。目先の予算に囚われて、業務構造を知らぬまま、要件定義をしてしまったことで倍以上のコストがかかった失敗プロジェクトになりました。
h2,    要件定義を制する者が、プロジェクトを成功に導く
p,            世界基準に比べ保有者数は下回るものの、日本国内でもPMP資格保有者数は年々増加しています。またプロジェクト管理ツールも数多く出回るなど、システム開発のプロジェクト管理は環境として随分と改善されてきています。それに伴い、システム開発プロジェクトの成功率も上昇しているのだと推測されますが、それでもまだプロジェクトの肝である「要件定義」に課題感が残る現状です。ではどのように要件定義を進めれば、成功率を引き上げることができるのでしょうか。
h3,      要件定義の基本的な流れ
p,            まずは開発の全体像と、要件定義の基本的な流れを把握しておきましょう。
h4,        【ソフトウェアの開発プロセス】
p,            STEP1　企画STEP2　業務設計STEP3　要件定義★STEP4　設計STEP5　実装STEP6　テストSTEP7　導入STEP8　リリース
h4,        【要件定義の基本的な流れ】
p,            STEP1　要望を出すSTEP2　要望から要求への変換STEP3　要求の検討STEP4　代替案の提案STEP5　提案⇔要求の繰り返しSTEP6　合意＝要件の成立
h2,    一番手間をかけるべきは、要件定義の前準備
p,            前述したとおり、業務コンサルをスキップして要件定義したために2億を無駄にしてしまったわけですから、要件定義前にやるべき準備をご紹介します。
h3,      企画内容の確認
p,            システム開発をするという決断はとても大きなものです。何かしらの課題があり、目的があって企画され予算が割り当てられるわけですから、どういった背景があるのかを把握しておきまそう。もし企画書が存在しない…なんてことがあれば、ゴールが無いレースに出るようなものです。分厚い企画書があっても内容が不十分では同じこと。最低でも下記7項目は確認しておきましょう。●なぜ開発するのか●何を開発するのか●それはいったい何をするものか●それを使う人はだれか●使った人が得られるベネフィットは何か●どんな体制でつくるのか●いつまでにつくるのか
h2,    業務整理は横断的に
p,            業務整理となると、部署ごとに呼び出されて業務ヒアリングを受けて、個別に進められることが多いです。最初は各部署の担当者が業務を整理・把握する必要がありますが、セカンドステップでは、部署の代表者を集めて関係性を明確にさせます。例えば、自分の部署では売り上げを入力することが仕事だとします。その数字をほかのだれが見ているか知っていますか？その数字を使ってほかにどんな業務があるか知っていますか？もし、先月の売上数字をあなたが削除してしまった場合、どんな影響が出るか知っていますか？このように、自分の仕事のはじめと終わりは分かっていても、その続きがあることや互いの関係性を理解して作業に従事しているのはかなり稀なケースです。一堂に会して話していると、どうりで数字が合わないわけだとか、問題点がシステムではなく運用で解決できるものだったという気づきが生まれ、本来開発すべき要件がどんどん整理されていきます。この作業は会議で押し問答になったり、時間がかかったりとかなり負荷が高いですが端折ったりせず、時間を確保して必ず実行してほしい作業です。この作業は、同時にシステム担当者もしくは開発会社に丸投げさせないためにも重要です。業務内容や問題点は伝えたから、あとはよろしく！というのは、後にトラブルを招きます。実務者を巻き込み、責任をもたせてこそ成功プロジェクトへと近づいていきます。
h2,    まとめ
p,            システム開発プロジェクトの成功は要件定義にあり、要件定義の成功には業務整理がある。予算も時間もかかるものだからこそ、丁寧に順を追ってすすめることが重要です。しかしながら、プロの業務コンサルを入れることがすべてではありません。コンサルを入れても自発的な取り組みがなければコストばかりが増えていき、成功にはつながらないので、あくまでコンサルの第三者的意見や、知識・経験談、確立されたフレームワークを参考にさせてもらう程度だと思って導入するのがおすすめです。経営層ともここはしっかり握っておきましょう。
p,            
p,            LINEスタンプの費用や依頼方法のモヤモヤを解消しよう！
p,            ざっくり希望を書くだけで、発注サポート経験豊富な専任スタッフが、 あなたに変わって無料で見積取得を行います！企画中の相談や金額だけが知りたい場合でもご利用いただけます。
p,            ソフトウェア・業務システム開発を外注したいけれども不安がある方へ
p,            ・やっぱり自分で会社を探したり選定したりするのは不安・専門知識がなくて不安、依頼するための要件をまとめるのに不安があるという方は、ぜひリカイゼンにご相談ください！発注サポート経験豊富な専任スタッフがあなたのご要望をお聞きし、最適な会社をご紹介いたします！ご相談から会社のご紹介まで全て無料でご利用いただけます。お気軽にご相談ください。
h3,      今すぐソフトウェア・業務システム開発の相談ができる会社へお問い合わせしたい方はこちら
h3,      GiFT株式会社
p,            
h3,      株式会社レタス
p,            
h3,      株式会社ダブルダブル
p,            
h3,      株式会社ユニテックス
p,            
p,            ＼費用用、事例が一覧で見れる！無料で簡単一括問い合わせ／！
p,            ソフトウェア・業務システム開発の関連記事
p,            Lineにも使われている！P2P技術について簡単解説
p,            【P2P(ピアツーピア)ネットワークとは？】   ブロックチェーンは通常のネットワークとは異なる、P2Pネットワーク(ピアツーピアネットワーク)というネットワークを利用してできています。いったい、どのようなものなのでしょうか...
p,            今知っておくべきブロックチェーンについて〜簡単解説〜
p,            ブロックチェーンとは何？   2017年頃から仮想通貨投資で有名になり、今は落ち着いた感のある「ブロックチェーン」ですが、一体何かご存知でしょうか？一般的にはブロックチェーン=仮想通貨というイメージが先行しておりますが、これ...
p,            リリース間近に問題が起きやすい３つの理由とその対処法
p,            受託開発ではたびたび見かける光景ですが、 リリースが近くなるにつれてどんどん忙しくなっていきます。 別の案件もあって取り掛かるのが遅くなったといった理由もあるとは思いますが、 それ以外で予定通り進まない要因がいくつか存在しま...
p,            テレワーク向けネットワーク設計・構築サービス
p,            【1】開発エンジニアの『在宅勤務100%』を実現！テレワーク導入支援！━━━━━━━━━━━━━━━━━━━━━━━━━━━━━━━━━━━━━━●テレワーク導入支援サービスに関する特設ページを開設！弊社の開発部門のエンジニ...
p,            ファッションテックとは？IT活用における次の施策は「パーソナライズ」化
p,            ファッション業界に興味がない場合、「ファッションテック」という分野にはあまり触れる機会がないかもしれません。 衣食住の一つとして、衣は誰もが生活に必要となるものです。そこから考えると、ファッションテックも身近なものになるので...
p,            ソフトウェア・業務システム開発に関連する記事を見る
p,            記事を探す
p,            キーワードで探す
p,            カテゴリーで探す
h2,    ご相談はこちらから！
p,            発注先探しのご依頼のほか、ご質問・ご相談などもお気軽にお問い合わせください。
h3,      お電話でのご相談
h3,      WEBでのご相談申し込み
p,            WEBお申し込み後、即日または翌営業日にサポートデスクからご連絡をさせていただきます。
p,            申し込み完了後、サポートデスクからお電話またはメールにてご連絡させていただきます。
h2,    CONTACT リカイゼンサポートデスクに無料相談
p,            問い合わせ内容を確認後、サポートデスクよりご連絡させていただきます。
p,            ※「見積もりだけ知りたい」や「対応可否を確認したい」など無料でお答えします！※紹介企業や見積もりが合わない場合は、お断りいただくことも可能です。
h3,      リカイゼンメニュー
h4,        リカイゼンで頼めること（対応カテゴリー）
h4,        発注成功の為のお役立ち情報
title,close_btn
title,「要件定義の失敗あるある」を回避してプロジェクトを成功させるコツとは？-誰も教えてくれないプロマネのコツ
h1,  誰も教えてくれないプロマネのコツ
p,            今やあらゆる場面で必要とされるプロジェクトのノウハウを、300件以上成功させてきたプロフェッショナルがこっそりお伝えします。
h3,      「要件定義の失敗あるある」を回避してプロジェクトを成功させるコツとは？
p,            こんにちは、パラダイスウェアの橋本です。
p,            「誰も教えてくれないプロマネのコツ」シリーズ、第三弾の記事です。
p,            今回は「どうすれば要件定義をうまく成功させられるのか？」について、ズバッとお伝えします。
p,            
h3,      なぜ要件定義で失敗してしまうのか？
p,            前回の記事では「プロジェクトは要件定義で失敗しやすい」というお話をしました。
p,            そこでお伝えした通り、要件定義とは「プロジェクトで何をやるか、何を作るかを決めること」ですが、プロジェクトの工程としては一番最初に実施するフェーズとなります。
p,            つまり、要件定義はプロジェクトで一番最初に実施することなのに一番難しい部分でもあるという、かなり厄介な性質を持っているのです。
p,            弊社主催のプロジェクト計画webセミナーより
p,            私は18年間のキャリアでたくさんのプロジェクトを見てきましたが、「要件定義の失敗あるある」は概ね下記の4つのパターンにまとめられると考えています。
p,            
p,            
p,            要件定義の失敗はこれらの要因を回避することで大幅に成功に近づけることができるのです。では、順を追ってご説明しましょう。
p,            
h3,      1. プロジェクト開始時点でなぜか焦っている
p,            現在の IT の技術環境では、プロジェクト開始時点で完璧な要件定義を行うことは極めて困難だと言っていいでしょう。
p,            例えば、最新の技術を使って複雑なシステムやアプリケーションを構築するケースではそもそも実際に手を動かしてみないと判断できない要件もたくさんあり、実行フェーズに入る前に完璧な要件定義を行おうとすると、時間がいくらあっても足りません。
p,            ただ、「時間をかけても完璧な要件定義ができない」ことは「要件定義に時間をかけなくていい」ということではありません。
p,            例えばシステム開発なら「ここまで決まっていればエンジニアが実装に入れる」というレベルまでは要件をきっちり作らないと、後で行きあたりばったりになってしまい、プロジェクト全体が迷走してしまいます。
p,            具体的に何をどこまで作るべきかは今後の記事でご紹介したいと思いますが、要件定義でやるべきことは「プロジェクトの関係者が”これで行ける”と合意を取れる内容を資料化して固めていく」ということなので、それには相応の時間が必要になります。
p,            
p,            弊社主催のプロジェクト計画webセミナーより
p,            
p,            しかし、世の中のプロジェクトは「年末で忙しいけど、来年度の予算の都合で来年4月にはプロジェクトを始めないといけない」とか「上から言われたから今年度中にリリースしないといけない」などの会計や社内政治の事情だけでスケジュールがなんとなく決まってしまっていて、「やるべきこと」を決めるための要件定義の期間が十分確保されていないことが多いのです。
p,            仕事としてビジネス上の事情が重要なのはよく理解できますが、それを優先するあまりプロジェクトが失敗してしまっては元も子もありません。
p,            どれくらい要件定義に時間をかけるべきかはプロジェクトにもよりますが、目安としては全体の工程の1/3、つまり半年のプロジェクトなら1-2ヶ月、1年のプロジェクトなら3ヶ月程度は要件定義に時間をかけるつもりで取り組みましょう。
p,            
h3,      2. 専門家の知見が欠けている
p,            日本は IT人材の約7割が IT企業に集まっており、諸外国と比べても偏っている構成になっています。
p,            そこで、事業会社が IT戦略を実施するときは外部の IT企業に仕事を発注する形になりますが、その発注の際にどうしても専門的な知見が欠けることが多くなってしまいます。
p,            弊社実施の「明日から上手に開発会社と付き合っていくための7の方法」セミナーより
p,            
p,            あまり表現は良くないですが、どうしても要件に「素人感」が出てしまうのです。
p,            プロの目で見たときに、「その目的を実現するならもっと効率的で確実な方法がある」とか「そのアイディアは何年も前に複数の会社がやって失敗している」とか「その種類のアプリは世の中に山ほどあってとっくにレッドオーシャンになっている」とか「その要件ではセキュリティが担保されない」などの見解が出る要件資料は珍しくありません。
p,            例えば、家を建てるときに一般の人が自分のスキルで設計図を書いて、それを元に建築会社が家を建てるということはあり得ないわけですが、システムやアプリの開発の現場では同じようなケースがとても多いのです。
p,            よくあるパターンとしては、「アプリ開発の外注先を決めるためにコンペを開催することになったので、社内で要件資料を作ってプロジェクトを実施したが、その会社にとって本当に必要なのものはアプリではなかった」というようなケースです。
p,            IT戦略として本当に必要なものが何かを決めるのは当然発注者や経営層のトップですが、それを実現するための手段や技術は IT の専門家の方が当然詳しいので、外部に発注するための要件を決める時は優秀な建築士に住みたい家を相談するような感覚で詰めていくのがいいでしょう。
p,            
h3,      3. 過剰要求になってしまっている
p,            過剰要求もプロジェクトの失敗原因でよく見かけるパターンです。
p,            例えば、ECサイトのアプリ版を作りたいという話で要件を聞いてみると、「イケてるUXで！」とか「在庫・出荷管理はシンプルに！」とか「コンテンツマーケティングと連動させたい！」とか「他の事業者も出品させたい！」とか「実店舗とも連動させたい！」とか「問い合わせ対応を簡単に！」とか「ポイントシステムも入れたい！」とか「決済はクレカ/代引き/銀行振込/QRコード決済/など全部のせで！」とか「業務担当者は増やせません！」とか「予算は3000万円です！」とか「今年度中にリリース必須です！」とか、要件てんこ盛りで出されるケースは非常に多いです。
p,            弊社主催のプロジェクト計画webセミナーより
p,            私も発注者の立場になることがあるので過剰要求を出してしまう気持ちはとてもよくわかります。また、普段ユーザとして Amazon や楽天などを使っていれば、それが当たり前の品質のように感じるのも理解できます。
p,            しかし、Amazon や楽天がその品質を実現するまでには膨大な費用や人手、時間が投資されているので、その点を理解せず過剰な要件を提示し、それを受託側がハイハイ言って受け取ってしまうと、すぐにプロジェクトは破綻して何も実現しないまま投資が無駄になってしまうことに繋がります。
p,            システムやアプリ開発の難しいところは、「機能や画面などが欠けている未完成のプロダクトはただのゴミになってしまう」というところです。
p,            完成度60%のシステムは60%機能するわけではなく、ほとんど動かないソースコードのゴミの山になってしまうのです。
p,            弊社主催のプロジェクト計画webセミナーより
p,            こうした不幸な結末を避けるためには、限られた予算と時間、労力で「本当に何を実現するべきか」をとことん突き詰めていくことです。
p,            要件が研ぎ澄まされてシンプルになっていればいるほど、そのプロジェクトの成功率は高いと言えるでしょう。
p,            
h3,      4. 実行チームや下請けに丸投げしている
p,            上の 1-3 とも関連しますが、ネットでもよく批判される、いわゆる「丸投げ」も失敗に繋がります。
p,            「御社に外注先を決めたから後はよろしく」とか「兼務で忙しいからそっちでよしなにやってください」などの発注者の態度を見かけることがよくありますが、企業のマネジメント層や発注担当者がこうしたオーナーシップに欠けたスタンスのプロジェクトはほぼ確実に失敗します。
p,            オーナーシップとは、個々の従業員が自らに与えられた仕事や自身が属する組織と向き合う際の姿勢や関係性を表す言葉です。 – オーナーシップとは？意味やリーダーシップとの違いをご紹介 | BizHint（ビズヒント）- 事業の課題にヒントを届けるビジネスメディア
p,            私の経験上、かなりシンプルなプロジェクトでも一度は予測できないトラブルに見舞われると想定しておいたほうがいいと思っています。
p,            そして、トラブルの際に意思決定権を持つ人が普段向き合う姿勢を見せていないと、プロジェクトリーダーやメンバーが「トラブルの責任を背負わされる」と考えてしまい、意思疎通や情報共有が遅れて適切な対処に失敗してしまうことに繋がります。
p,            もしあなたが事業会社の発注者なら、要件定義の資料は外部の専門家が固めていくとしても、その内容の確認や未決定事項についての判断は社内調整や稟議手続きも含めて進めていく必要があります。
p,            特にプロジェクト開始当初の要件定義フェーズでは、発注者も受託側のチームも膝を突き合わせるような感覚で詰めて検討する体制を作ることが大事です。
p,            
h3,      要件定義をうまく成功させるには
p,            ここまでのお話をまとめると、要件定義を成功させるには、「十分な工程を取って、初めから専門家の知見を入れて検討し、要件をとことん切り詰めて、チーム全体で進めること」が大事ということになります。
p,            要件定義がうまくいけば、プロジェクトの成功確率もグンと上がります。
p,            モヤモヤとした状況で要件を固めていくのはメンタル的にもしんどい部分がありますが、最初の難関を越えると楽になると信じて頑張りましょう。
p,            次回は要件定義の進め方のコツについてお話しします。
p,            
h3,      関連記事
p,            「そもそも」が大事！ 「プロジェクトって何？」と訊かれて答えられますか？-誰も教えてくれないプロマネのコツhttps://mmth.pro/ja?p=533
p,            プロジェクトはなぜ失敗しやすいのか？ その原因とは-誰も教えてくれないプロマネのコツhttps://mmth.pro/ja?p=569
p,            
h3,      ここで宣伝です
p,            プロジェクトの計画時点から成功に向けてあなたを支援するツール、マンモスプロジェクトをぜひお試しください。
p,            プロジェクトの全体像、共有できてますか？ マンモスプロジェクト（Mammoth Project）https://mmth.pro/ja
p,            
p,            パラダイスウェア株式会社は世界をパラダイスにするソフトウェアを作っていますParadiseWare Inc. is developing software to make the world a paradise.
h2,    お知らせ
p,            07 Dec 2020
p,            01 Dec 2020
p,            13 May 2020
h2,    プロマネのコツ
p,            28 Sep 2020
p,            28 Sep 2020
p,            28 Sep 2020
h2,    企業情報
title,要件定義失敗例 | Webシステム開発 ネーブルス
h1,  会社のシステム導入（顧客管理システム・販売管理システム等）は、株式会社ネーブルスへご相談ください
h2,    要件定義失敗例
p,            私も、この会社を始める前は、別の会社に勤めており様々なプロジェクトへ出向していた経験があります。 そんな長い経験の中で、実際に私が見た失敗事例をご紹介します。 今回は、システム会社側の要件聴取ミスを書いてみます。
h3,      逆の要件
p,            トラブルとなっているプロジェクトがあり、私が、トラブル解決のためにプロジェクトの面倒をみる事になりました。前任のプロジェクトマネージャーから引き継ぎを受けたところ、要件は、不動産物件の検索が行えるシステムとの事でした。なぜトラブルになっているのかを担当者から理由を聞いたところ、言われた通りに作っているのだけど、何度、納品してもお客様から違うと言われている様です。よく聞いてみると指示は、前任のプロジェクトマネージャーからで、お客さんとは直接、話をした事がないとの事でした。最後にお客さんに電話にて確認を取ったところ、話の中で「人を検索」と言う言葉が時折出てくる事に気が付き、良く確認を取ってみると不動産物件を検索するのではなく、不動産物件を探している人を検索するとの事でした。全く逆の要件であり。検索も間逆になってしまいます。前任のプロジェクトマネージャーが要件の取り間違いによって引き起こされたトラブルです。要件定義書、及び、設計書が提出されていれば未然に防げたと思います。
h3,      要件聴取不足でスタート
p,            私が出向していたプロジェクトで起きたトラブルですが、要件がかなり大きく要件聴取だけでも膨大な時間がかかる様なプロジェクトです。最終的には、お客様から製造を急がされたため要件の細かい部分を詰めずに設計、製造と進めてしまったため、各所で不備が発生していました。私が担当していたプログラムでも、流れてくるデータの項目が不足している事が判明しマネージャーに報告したところ、その部分を除いて製造して下さいとの指示を受け作りました。一度、全てを作り終えてから修正を加える方向の様です。私は、途中で、このプロジェクトを抜けてしまったため最終的にどの様にしたのかは不明ですが、修正となれば、当然、コストがかかります。最初の製造のタイミングで全てそろっていれば修正を行う必要もなかったと思われます。
h3,      サイトを忘れていた
p,            既にこれに至っては、ヒアリングミスとか以前の問題になります。プロジェクトマネージャーからサイトと連動のシステム制作を支持され作ったのですが、サイト側を担当する会社様との打ち合わせもなくプロジェクトが進んでいき、納品の日に、お客様から「それでは、サイトの方の制作に移りましょう」と言われました。何の事だろうと聞いてみると当社の方へサイト～システムまで全般をお願いしているとの事でした。そう言われてみると、プロジェクトマネージャーが、このプロジェクトがスタートする前に制作にかかる工数（見積もり）を依頼してきたのですが、「サイトは、他の人に確認するからシステムの分だけ見積もり出して」と言っていた事を思い出しました。提出した見積もりもシステム側の見積もりだけが提出されておりサイト側の見積りは、お客様の方へ提出されていませんでした。お客様の方も見積もりの中身を確認せずに発注してしまったようです。
h3,      要件未聴取
p,            ある担当者が担当するプロジェクトだけトラブルになる事がありました。一度、その担当者に同行し打ち合わせに行く事があったのですが、その担当者は、要件定義時にお客様の話をほとんどを聞かずに概略だけ確認し打ち合わせを終えてしまいました。その後、要件定義書も設計書も提出せずにシステムを制作した様です。システムを納品したところ、お客様から全く要求していたシステムと違うと言われ作り直して納品していました。時には、要件の半分も実装されずに納品していた事もあったようです。推測するに担当者の勝手な思い込みで制作していたようです。細かい打ち合わせを持つ事と要件定義書、設計書が提出されていれば未然に防げていたと思います。
p,            Webシステムに関するお問合せ・ご相談は下記までご連絡ください。
p,            「まだ詳細は決まっていないけれど相談したい。」「なんとなく興味がある」など、具体的な内容が決まっていない段階でも、お気軽にご連絡ください。
p,            お電話でも、承っております／03-6869-5054　（平日10時～18時）「Webシステムの件で」と、お電話ください。
h2,    要件定義失敗例
p,"            株式会社ネーブルス 〒102-0082 東京都千代田区一番町10-8　一番町ウエストビル5階Tel:03-6869-5054　E-mail contact@soft-dev.jpCopyright© 2013 Navels.Inc, All Rights Reserved."
title,失敗の背後にあるもの　/　要件定義でつまづいた３つのシステム開発を振り返る | 【NOC】誰も知らない教えてくれないアウトソーシングBPO
p,            お使いのブラウザはJavascriptが無効になっているため、サイトを快適にご利用いただけないかもしれません。Javascriptを有効にして下さい。
h2,    
p,            
h1,  アウトソーシング全般・その他お役立ち情報【誰も知らない、教えてくれないアウトソーシング・BPO】
h1,  アウトソーシング全般・その他お役立ち情報【誰も知らない、教えてくれないアウトソーシング・BPO】
h2,    失敗の背後にあるもの　/　要件定義でつまづいた３つのシステム開発を振り返る
p,            
p,            「言いましたよね!?」
p,            できあがったシステムを前に、「これは、私たちの要求とは違います」とクライアントから言われてしまった時。思わず口にした、「言いましたよね!?」という悲鳴にも似た言葉を、私は何度も聞いてきた。私自身が口にしたこともあった。
p,            要件定義の時に、ちゃんと確認したじゃないか…
p,            心の中で、そうつぶやきながらも、事がここまで至った時点で、既にプロジェクトが大きな課題に直面したことも、同時に分かっている。
p,            
p,            システム開発において、前提となるはずの要件定義に疑義を指摘されるということは、開発会社にとっては悪夢であろう。修正や変更による工数の増加は、プロジェクトの赤字につながりかねないし、最悪、プロジェクトそのものが頓挫することだってあり得るのだから。
p,            でもそれは、クライアントにおいても同様だ。システム開発の遅れは、ビジネスの遅れにもつながる。だからといって、求めるものとは異なるシステムを許すわけにはいかない。
p,            私が経験した、３つの「要件定義が原因でつまづいたプロジェクト」を例に、教訓を探っていきたい。
p,            
h3,      真の決裁者は誰なのか？
p,            BtoCサービスを展開する、ある大手企業のWebサイトリニューアルプロジェクトでのことだ。
p,            同社では、リニューアルに合わせてVIの刷新も予定していた。その一環として、往年の大女優をメインに据えた広告戦略を目論んでいたのだ。
p,            件の大女優が活躍したのは、まだ映画がモノクロの時代である。モノクロのイメージカットに合わせるため、Webサイトの基本カラーは、上品な淡いブルーで統一される予定であった。
p,            全サービスのカットオーバーまで、一ヶ月を切ろうかというタイミングだった。クライアント側のPMが、同社会長に、完成間際のWebサイトをレビューした時に、大問題が発生した。
p,            「きれいなブルーだけど…、うちのコーポレートカラーと違うよね」
p,            同社のコーポレートカラーは、くっきりと強い原色カラーだった。
p,            同社PMも慌てた。会長にも、淡いブルーに統一することで了承を取っていたからだ。
p,            だが、そう言い募っても、会長の言葉は変わらなかった。
p,            「でも、うちのコーポレートカラーとは合わないよ」
p,            
p,            ステークホルダー・マネジメントという言葉がある。システム開発等のプロジェクトを進行する上で、真の決裁者が誰であるのかを把握し、適切にプロジェクトを進行させるための手法である。
p,            企業によっては、本ケースのように、「鶴の声」を発するだけの権限と実力を持つ存在がいる。こういうタイプは、カリスマ的な経営手腕を奮ってきた経営者に多い。
p,            厄介なのは、この手の「鶴の一声」には、説得力が伴っていることである。
p,            「コーポレートカラーと異なる…、というか、まるでそぐわない色を、メインビジュアルの基本色に据えてて良いの？」
p,            おっしゃるとおりである。
p,            
p,            本ケースでは、クライアント側PMも、システム開発側PMも、会長の存在を、どこかおざなりにしてきた。プロジェクトの進行を止めるような、爆発力のある意見は言わないであろうという、楽観があったのだろう。だから、プロジェクト進行における報告やらレビューのタイミング、回数、内容についても、どこか気が抜けていたのかもしれない。
p,            真の決裁者を見誤った顛末である。
p,            
p,            私の勤めていた会社は、デザインと実制作を担当していた。会長の指摘を受けて、たった一ヶ月あまりの間に、二万数千個のボタン、見出し、ページ等の作り直しを強いられた。私の会社も大変であったが、同プロジェクトにはカットオーバー間近になって、同時に進行していた業務系システム開発にもさまざまな横やりが入ったと聞いている。
p,            余談だが、システム開発側PMは、心を患い、プロジェクトを途中離脱、会社も辞めたと聞いている。
p,            ※VIビジュアルアイデンティティの略。ロゴ、シンボルマーク、ブランドカラー、デザインポリシーなど、企業やブランドが備える視覚要素全体を指す。
p,            ※PMプロジェクトマネージャーの略。プロジェクト全体の進行管理や調整、クライアントとの折衝などに従事する、リーダーとしての役割を果たす。
p,            
h3,      要求と要件が違う
p,            「クライアントから、『要求と違うものが作られている』とクレームが入り、プロジェクトを中断せざるを得なくなってしまいました」
p,            あるシステム開発会社から、このような相談を受けた。同社では、ある企業の基幹システム再構築を請け負っていた。プロジェクト進行は順調に思えたが、システムレビューの段階で、クライアントから「要求仕様を満たしていない」とクレームが入ったのだ。
p,            困ったシステム開発会社は、同社、そしてクライアントの双方と付き合いがあった私の会社に仲裁を求めて相談してきたのだ。
p,            
p,            システム開発会社が作成していた要求仕様書、要件定義書を確認したが、内容、品質とも、十分な内容であった。むしろ、及第点を超え、褒められて良いレベルのものであった。
p,            なのになぜ、クライアントは不満を抱えているのか？課題は、クライアントとのヒアリングを重ねることで診えてきた。
p,            
p,            かんたんに言うと、クライアントは要件定義を軽んじており、システム開発会社は要求仕様を軽んじていたことが原因であった。
p,            要求と要件は違う。
p,            例えば、「お腹が空いた」という要求に対し、要件は、どう答えるべきなのか？
p,            「カレーライスを提供する」「ラーメンを提供する」といった直接的な解決手段を提供するのか、もしくは、「キッチンを用意する」といった仕組み的な解決手段を提供するのか。
p,            クライアントの要求に対し、実現可能な実効手段を示すのが要件である。
p,            ヒアリングの際、クライアント側は、「私たちは、ただ、私たちの要求を実現してくれれば良いだけなのです」と発言した。一見、正当な言葉に聞こえるが、だがクライアント側の課題は、システム開発会社が提示した要件について、「それが私たち（クライアント）の要求を満たし、実現する実効手段なのかどうか？」という、クライアントが果たすべき義務に対し、真摯に向き合わなかったことにある。
p,            一方、システム開発会社側は、クライアントが理解できるように、丁寧に要件定義を進めなかったという課題がある。確かに、本ケースにおけるクライアントの姿勢には、課題がある。だが、システム開発会社は、仕事を請け負った立場にある。「お客様が私ども（システム開発会社）の仕事に満足していただけないのは、お客様の責任です」とは、言えないのだ。
p,            
h3,      そもそも、ゴールが違う
p,            そのプロジェクトは、国からの助成を受け、ある大学で行われたプロジェクトであった。大学が保有する、巨大なデータベースに対する検索システムを構築するプロジェクトである。
p,            プロジェクトチームは、教授をはじめとする研究スタッフと、システム開発会社側のPM、システムエンジニアたちで構成されていた。
p,            プロジェクトは、要求仕様の確認から始まったが、要求仕様がなかなかまとまらない。これはある意味当たり前のことで、これまでにない検索システムを創り上げるわけだから、誰も、どんなスペックが必要なのか、どういう機能が必要なのか分からないのだ。
p,            議論の結果、要求仕様らしきものはまとまった。しかし、次ステップである要件定義に進んでも、やはり話がまとまらない。要件定義の議論をしているはずが、いつのまにか要求仕様の再定義をしている始末である。
p,            「このままでは、納期までにシステムが完成しません！」
p,            意を決し、ついに、システム開発会社PMが言った。が、議論に参加していたある教授が、このように反論したのだ。
p,            「何を言っているのだ。私たちにとっては、システムの完成よりも、この議論の方が有益なのだ！」
p,            
p,            本プロジェクトのお金を出したのは、国である。だから、最終目的がシステムの完成であることは、あらかじめ国が指定したことであって揺るがない。もっと言えば、大学側も、システム開発会社と協力して、システムを完成させる責任を持つ立場である。その意味で、先の大学教授の発言は、明らかに不適切である。
p,            
p,            だが、システム開発会社側にも課題がある。本プロジェクトを、研究機関である大学に委ねたということは、「じっくりと検討と研究を重ね、国内の他大学にも水平展開できる（少なくとも、その礎となるような）検索システムを創り上げてくださいよ」というビジョンであり、期待を含んでいるのだ。
p,            これは、明らかに通常のシステム開発と違う。システムの完成は、確かにプロジェクトのゴールであるが、要件定義の重要性は、通常のシステム開発とは比にならないほど、重要なのだ。
p,            そのことを理解していないシステム開発会社に対し、教授たちも不満を感じたのだろう。
p,            
h3,      要件定義の齟齬を防ぐために
p,            ここに挙げた３つのエピソードは、すべて世に広く名を知られた大手システム開発会社のものである。いずれのエピソードにおいても、プロジェクト進行に関するマネジメントについては、しっかりと行っていた。
p,            では、しっかりとしたプロジェクト・マネジメントを行っていたにもかかわらず、なぜ問題が発生したのか？むしろ教科書的でしっかりとしたマネジメントが仇となり、「人を診る目線」が欠けていたことが原因だったのではないかと、私は思う。
p,            システム開発は、依頼する側（クライアント）と作り手（システム開発会社等）双方の努力があって、はじめて完成するものだ。だからこそ、教科書的マネジメント管理とは別に、すべての関係者が協力し、努力できる体制の実現に向け、「人を診る目線」を欠くことはできない。お互いのエゴや都合だけをぶつけ合うような関係の中で、優れたシステムなど出来上がるはずもない。
p,            だからこそ、システム開発における要件定義というのは大切なのだと思う。良い要件定義書は、クライアントとシステム開発会社が、お互いに深い理解と尊重がなければ完成しないものだからだ。
p,            
p,            私はここに挙げた３つのエピソードに、間接的ではあるが関わっていた。ここまで大上段から、その原因と考えられる要素を検証してきた。だが仮に、私がそれぞれのプロジェクトにおけるPMだったら、問題は回避できたのだろうか？率直に言えば、難しいと思う。私も、自信はない。この３つのエピソードに登場する課題は、どれも一筋縄ではいかない。各エピソードの課題を一発で解決する、カンフル剤は存在しないからだ。
p,            
p,            この記事を読んでくださった皆さまが、これらの失敗例から、要件定義と「人を診る目線」の大切さを再認識し、自らが関わるシステム開発を成功させる、ヒントを掴んでいただければ幸いである。
p,            
p,            
h3,      ライタープロフィール
p,            
p,            
p,            Pavism代表。 一般社団法人グッド・チャリズム宣言プロジェクト理事、JAPIC国土・未来プロジェクト幹事。 「主戦場は物流業界。生業はIT御用聞き」をキャッチコピーに、ライティングや、ITを活用した営業支援などを行っている。 筋トレ、自転車、オリンピックから、人材活用、物流、ITまで、幅広いテーマで執筆活動を行っている。
h3,      関連シリーズを見る
h3,      関連サービス詳細を見る
h3,      関連記事
h2,    最近の投稿
h2,    カテゴリー
h2,    タグ
h3,      総務
h3,      経理・財務
h3,      人事・労務
h3,      営業事務
h3,      RPA・AI
h3,      OS・その他
p,            
p,            
p,            ＮＯＣアウトソーシング＆コンサルティング株式会社は、プライバシーマーク認証取得第1号企業です。
p,            プライバシーマークについて
h2,    最近の投稿
h2,    カテゴリー
h2,    タグ
h3,      総務
h3,      経理・財務
h3,      人事・労務
h3,      営業事務
h3,      RPA・AI
h3,      OS・その他
p,            
p,            
p,            ＮＯＣアウトソーシング＆コンサルティング株式会社は、プライバシーマーク認証取得第1号企業です。
p,            プライバシーマークについて
h2,    よく読まれている記事
h1,  
h1,  サービス
p,            企業情報　|　よくあるご質問　|　　お問い合わせ
p,            Copyright © ＮＯＣ Outsourcing & Consulting. All Rights Reserved.
title,【結論】要件定義の目的は「プロジェクトの失敗を減らすこと」 | 若手プロマネの羅針盤
p,            若手プロマネの羅針盤
p,            システム開発ノウハウ2019.06.02 2019.06.05 高橋
h1,  【結論】要件定義の目的は「プロジェクトの失敗を減らすこと」
p,            (adsbygoogle = window.adsbygoogle || []).push({});
p,            今回は「なぜ要件定義が必要なのか？」という素朴な疑問に対して回答したい。
p,            目次 [表示]
h2,    要件定義の目的
p,            結論から言うと、要件定義をする理由は『プロジェクトの失敗を減らすため』である。
p,            要件定義を実施しないと、開発のスコープが曖昧になり、追加作業が発生しやすい。
p,            自社開発ならまだしも、システム開発を請け負う場合には、追加作業は納期遅れやコストオーバーに直結してしまう問題だ。
p,            要件定義を実施することで、開発スコープを明確にでき、プロジェクトの失敗を減らすことができるのだ。
h2,    プロジェクトが失敗する確率
p,            プロジェクトの失敗と要件定義の関係性について、データを紹介しておこう。
p,            日経コンピュータの調査で、システム開発プロジェクトの「半分は失敗」という結果が出た。
p,            2003年から考えると、2018年では失敗する確率は減少したようだが、それでも半数は失敗しているというのだ。
p,            「納期遅延」、「コストオーバー」、「作ったものの利用されない」といったプロジェクトの失敗は後を絶たない。
h2,    プロジェクトの失敗原因
p,            次に、プロジェクト失敗の原因だ。
p,            日経コンピュータは、プロジェクトの失敗原因を「納期・コスト・満足度」の観点で調査した。
p,            
p,            出典：日経コンピュータ、2018年3月1日号 p.30
p,            出典：日経コンピュータ、2018年3月1日号 p.32
p,            出典：日経コンピュータ、2018年3月1日号 p.34
p,            
p,            「仕様変更の発生」や「追加の開発作業の発生」など、原因の上位には要件定義の不備が並ぶ。
p,            満足度の観点でも、原因のトップは「要件定義が不十分」となっている。
p,            このように、失敗するプロジェクトの多くは、要件定義に問題があったと考えられるのだ。
h2,    要件定義が重要とされる理由
p,            では、なぜ要件定義の不備が、プロジェクト失敗につながりやすいのか？
p,            それは、要件定義の不備がプロジェクトの終盤で発覚することが多いからだ。
p,"            出典：IPA『経営者が参画する要求品質の確保』,p.26"
p,            
p,            要件定義段階で見つかれば資料を修正するだけで済む話が、プロジェクトの終盤で発覚すると、設計書やロジックを修正のうえ、テストもやり直しになってしまう。
p,            ゆえに納期遅延やコストオーバーにつながってしまうのだ。
p,            これはベンダ企業だけに問題があるのでなく、ユーザ企業もシステム開発の目的や利用場面を明確にできていない場合が多いため、システムが形になってくる終盤の工程で問題が発覚するのである。
h2,    要件定義ですべきこと
p,            要件定義の不備がプロジェクトの失敗につながることは分かった。
p,            では、要件定義の不備を無くすには何をすればいいのか？
p,            要件定義の不備を無くすのは非常に難しい課題だが、経済産業省が管理する情報処理推進機構（以下、IPA）で整備されている「共通フレーム」では、要件定義の作業について、下記のように述べている。
p,            要件定義プロセスは、定義された環境において、利用者及び他の利害関係者が必要とするサービスを提供できるシステムに対する要件を定義することを目的とする。
p,            出典：IPA『共通フレーム2013』
p,            この文章を分解して考えてみると、
p,            
p,            ・利用者及び他の利害関係者が必要とするサービス誰が必要とするのか？（who)なぜ必要とするのか？(why)何を必要とするのか？（what)いつ必要とするのか？(when)
p,            ・サービスを提供できるシステムに対する要件どうやってサービスを提供するのか？(how)
p,            このように、要件定義ではシステム開発の５Ｗ１Ｈを明確にすべきだと書いていると理解できる。
p,            
p,            実際に、IPAでは、超上流工程にて費用（how-much）を含めた５Ｗ２Ｈを明確にすることを推奨している。
p,            
h2,    さいごに
p,            要件定義の目的について説明してきたが、最後のポイントをまとめる。
p,            
p,            要件定義を行う理由は「プロジェクトの失敗を減らすため」
p,            （補足）・プロジェクトの半数は失敗をしており、その原因の上位は要件定義の不備である。
p,            ・要件定義の不備は、プロジェクト終盤で発覚することが多く、納期遅延やコストオーバーに繋がる可能性が高い。
p,            ・要件定義では、５Ｗ２Ｈを明確にすべし。
p,            以上、参考になれば幸いだ。
p,            
p,            要件定義工程の関連記事はこちら。
p,            要件定義工程の成果物一覧
p,            要件定義工程の進め方
p,            【結論】要件定義の目的は「プロジェクトの失敗を減らすこと」
p,            要件定義書サンプル・書き方
p,            機能要件・非機能要件の書き方【サンプル有り】
h2,    参考文献
p,            日経ビジネス『プロジェクト失敗の理由、15年前から変わらず』
p,            日経コンピュータ『2018年3月1日号』
p,            IPA『経営者が参画する要求品質の確保』
p,            IPA『共通フレーム2013』
p,            IPA『高品質のための超上流工程における企業の課題・取組み事例集』
p,            (adsbygoogle = window.adsbygoogle || []).push({});
p,            (adsbygoogle = window.adsbygoogle || []).push({});
h3,      コメントを残す コメントをキャンセル
p,            メールアドレスが公開されることはありません。
p,            コメント
p,            名前
p,            メール
p,            サイト
p,            
p,            上に表示された文字を入力してください。
p,            
p,            
p,            
h2,    RECOMMENDこちらの記事も人気です。
h3,      要件定義工程の進め方
h3,      要件定義工程の成果物一覧
h3,      単体テスト・結合テスト・総合テストの違い、観点や注意点を簡単に説明する
h3,      システムテストとは？目的・観点・種類・項目などを現役プロマネが説明する
h3,      詳細設計書のサンプル・書き方
h3,      機能要件・非機能要件の書き方【サンプル有り】
h3,      要件定義書サンプル・書き方
h3,      基本設計書サンプル・書き方
h4,        最近の投稿
h4,        アーカイブ
h4,        カテゴリー
p,            ©Copyright2020 若手プロマネの羅針盤.All Rights Reserved.
title,システム開発の遅延理由50％は要件定義の失敗：事例と回避策
h1,  2-7 システム開発の遅延理由50％は要件定義の失敗：事例と回避策
p,            システム要件定義のよくある失敗を知っておいて未然に防ぎたい！
p,            といった、疑問に答えます。
p,            この記事では、システム開発で最も重要な要件定義。その要件定義でよく発生する失敗事例とどのように回避できるのか？を紹介します。この記事を読むことで、具体的に要件定義で取るべきアクションが明確になります。
p,            ✔記事の信ぴょう性
p,            米にてシステムエンジニア→現、某一部上場企業の情報システム部門、社内SE管理職として活躍中。システムエンジニア・社内SEとしての15年以上の体験・学びを通して有益なアドバイスが出来ます。
p,            
h2,    システム開発の命運を握る要件定義驚きのインパクト
p,            IRA（情報処理推進機構）の調査結果によると、システム開発遅延のなんと50％の要件定義の問題と公表しています。以下の図を参照ください。
p,            システム開発の上流工程のである要件定義の問題は、後続の開発工程に影響を及ぼします。
p,            例えば、以下の様なトラブルを誘発します。
p,            設計遅延テスト遅延稼働後トラブル
h3,      設計遅延
p,            要件定義～基本設計で語られるべき詳細が詰められておらず、結局、設計時に業務や情報システム部門と要件・機能の確認が発生し、設計遅延が起こります。
h3,      テスト遅延
p,            テスト遅延も一見、要件定義の不備と関係なく聞こえます。しかし、実際には大いに関係があります。
p,            リリース直前のテストは一番プロジェクトの遅延のしわ寄せがそもそも来ます。
p,            大抵の場合、リリース納期が変わりません。（業界の構造の密接に関係、関連記事【システムエンジニアてきつい!?新３K!?は誤解｜３つのポイントで解説】。記事中ほどでしわ寄せが下流に来る構造解説）。
p,            つまり、上流工程の遅延リカバリはテストを短くするなどして調整が横行します。全体計画・リスク管理が甘かったこと等言えますが、要件定義フェーズでの計画・段取りの甘さに起因します。
h3,      稼働後トラブル
p,            システム開発において、システムが上手くいかないことで障害が発生するよりも多いのが考慮漏れです。
p,            業務とのフローの詰めが甘く、要件が上手く出せなかったせいでイレギュラーが発生した際にシステムが上手くハンドリングできず稼働後のトラブルをまねきます。
h3,      失敗事例の訴訟の例
p,            勘定系システムの開発失敗を巡りスルガ銀行が日本IBMを訴えた裁判で、東京地方裁判所は3月29日に約74億円の賠償を日本IBMに命じる判決を下した。
p,            医療機器大手のテルモが物流管理システムの刷新に失敗。構築プロジェクトは中止に追い込まれた。テルモは開発委託先のアクセンチュアを相手取り、38億円の損害賠償を求めて提訴した。
h2,    システム要件定義を失敗せず推進する４つの観点
p,            ・要件定義フェーズは、要件定義FIXだけが仕事ではない事を理解しよう・とにかく紙に書く・時間を切る・要件定義は『早く 』 でも『簡単 』 でもなく『正しくやる 』 が重要
p,            の４つを意識して要件定義を進める事が重要になります。１つづつ解説します。
h3,      要件定義フェーズは、要件定義FIXだけが仕事ではない事を理解しよう 【最重要】
p,            要件定義フェーズでは、システム化要件定義以外でも、プロジェクト全体の段取りをすることが非常に重要です。
p,            要件定義フェーズの決める事として（要件だけではなく）以下も念頭に入れましょう。
p,            ・開発の成果物、体制概要・運用の方針・移行の方針
p,            このような後工程の考慮がどこまで出来るかで、後工程での考慮漏れを著しく減らすことが出来ます。
p,            後工程をしっかり考えるからこそ、不透明な部分があれば、その箇所だけでも切り出し実証検証（PoC )を行う等様々なリスク管理が可能になります。PoC= Proof of Conceptの意味は？それと、PoC死って何？も合わせてお勧めです。
p,            
h3,      要件はとにかく紙に書く！
p,            要件定義の失敗は、話していない＝議論していないではありません。書いて記録に残していないのがほとんどです。
p,            書いていない事は、ないと同じ！。とにかく紙に書き記録を残しましょう。
p,            以前「」の記事でも書きましたが、引用すると
p,            ✅合わせてお勧め「資料の体裁を整えろ！」と注意されないようにするコツ
h3,      時間を切って要件定義を進める
p,            文章化の次にすべきことは、時間をきる事です。
p,            何をいつまでに決めなければいけないか？を明確にしましょう。時間をきることにより切迫感が生まれ、それにより行動に移り易くなります。
p,            ワタミグループ創業者の渡邉/美樹の【夢に日付を! 【新版】 夢をかなえる手帳術】で日付を切る重要性を更に学ぶことが出来ます。
p,            
h3,      要件定義は『早く 』 でも『簡単 』 でもなく『正しくやる 』 が重要
p,            要件定義の目的は、後工程の障害を減らすために努力をします。
p,            上記でご説明したような、勘所を考慮しながら出来るだけ失敗しないように準備を進めます。
p,            しかし、システム開発は、【バグ・障害なく、遅延なく、作る】のが最終目的ではありません。システム開発の目的は、役に立つ仕組みを構築し使う事です。
p,            システム要件定義で、一番重要な事は、この『役に立つ仕組みを作る為に正しく進める事です』
h3,      例：業務要件が肥大化しなかなか作る要件が絞られないケース
p,            この場合の間違った考え方。【要件は実現可能な範囲で早くから絞っておく】になります。
p,            あるべき考え方。【業務・事業が達成したいゴールの為に、必ず必要な機能は何か？違う手段（開発以外で）で実現できないのか？を考え】ビジネスの実現性を追求します。
p,            結果、必要な機能が見つかったとしても使われない仕組みを作ることは回避できます。
p,            経験上、大抵の膨れ上がった要望は、本来は業務ゴール達成には必要がないが、いつのまにかあれもこれも言ってしまっているケースが9割くらい感覚的にあります。
p,            アドバイスとしては、社内SEとして『その機能でどれくらい効果あるのか？』を自分にも業務ユーザーにもやさしく投げかけが重要です。
h2,    システム開発の遅延理由50％は要件定義の失敗：事例と回避策まとめ
p,            システム開発の失敗のほとんどが、『要件定義フェーズ 』 で発生します。上流の工程を如何にうまく実現するかで失敗の確率を減らすことが出来ます。
p,            要件定義で失敗しない為に、・要件定義フェーズは、要件定義FIXだけが仕事ではない事を理解しよう・とにかく紙に書く・早くでも、簡単にでもなく、正しく進める意識を持つを頭に入れ、要件定義を推進する必要があります。
p,            次の記事：
h2,    RELATED
h3,      2-15 現役社内SEが教えるシステムテストで抑えるべき観点・項目とは？
h3,      2-5 システム開発の外注探しに便利！一括無料見積りサイト｜IT担当必見
h3,      2-1 社内SE/情シスにとってのシステム開発とは？【本質】
h3,      2-8 システム開発の成果物・ドキュメント一覧まとめ【DLリンク有】
h3,      46％の企業は「まだらテレワーク」その現状課題と必要な対応とは？
h3,      2-2　システム開発の一連の工程（プロセス）の流れ|全体像を理解
h3,      2-11 要件定義書の書き方例（目次・項目・ヒアリングサンプル）社内SE用
h3,      2-14 システム開発のテスト全体像とは？工程・種類を分かり易く解説
h3,      2-9業務一覧、システム化業務一覧、機能一覧とは？書き方のポイント
h3,      上流工程難しい。推進に必要な考え方・知識・スキルとは？SE必見
h3,      2-4 システム開発の契約３種３形態を正しく把握しよう
h3,      2-9 WBS作成もこれで安心！WBSの作り方とコツとは？｜SE必見
h3,      おすすめ記事
h3,      カテゴリー
h3,      人気記事
h3,      ２章システム開発初心者講座
h3,      １章　IT基礎ステップアップ講座
h3,      あなたにおすすめ記事
p,            大手EC運営企業の管理職。10年以上グローバル1でシステム開発・5か国以上へのシステム導入を経験。又、社内SE講師としても活躍中。日本の社内SEのお役に立ちたいと願って活動しています。
h3,      タグ
h3,      Archive
h3,      【２章　システム開発　初心者講座】
title,システム開発で重要な「要件定義」とは？内容や進め方、失敗例も紹介 | クラウドソーシングTimes[タイムズ] |
p,            
p,            ビジネスの最前線に、新しい選択肢を。
p,            Category
h1,  クラウドソーシングTimes[タイムズ]
h2,    ビジネスの最前線に、新しい選択肢を。
h3,      メインメニュー
h1,  システム開発で重要な「要件定義」とは？内容や進め方、失敗例も紹介
p,            要件定義とは、システム開発の最初に行う工程です。システム開発の成功を左右するといわれる重要なフェーズですが、誰が何を行うのかよく知らないという声も聞かれます。この記事では、要件定義で行われる内容や進め方、要件定義の重要性、起こりがちな失敗例などを紹介します。
p,            目次 [非表示]
h2,    システム開発の要件定義では誰が何をする？
p,            システム開発には、ウォーターフォールモデル、アジャイルモデルなど何通りかの手法がありますが、どのモデルでシステム開発を行う場合であっても要件定義は必要になります。まずは要件定義の概要を説明します。
h3,      システム開発者のヒアリング
p,            初めに行われるのは、システム開発者による発注者へのヒアリングです。対象システムの課題を整理し、開発の目的や範囲を明確にするために実施されます。ヒアリング内では実装したい機能の聞き取りや実現の可否検討も行われ、それらを踏まえてシステム開発で行うべき内容（新規開発、改修、拡張など）が話し合われます。
h3,      システムの仕様や工数、費用の見積
p,            システム開発の方向性をある程度固めた後、各種見積もりが行われます。システム開発者は、行うべき開発内容から必要な工数・費用を算出し、発注者へ見積もりを提出します。工数はシステム開発にかかわるメンバー（プロジェクト管理者、コンサルタント、システムエンジニア、プログラマーなど）全員分を考慮する必要があり、費用はシステム開発の全工程に発生する各費用（要件定義費用、人件費、プロジェクトルームの賃料、端末・開発環境・サーバー関連の費用など）を割り出す必要があります。
h3,      成果物である「要件定義書」の作成
p,            見積もりに対する発注者の同意を得ることができたら、システム開発者は要件定義書の作成を行います。要件定義書とは、主に業務要件・システム要件の2点について記載するドキュメントで、成果物として発注者へ納品されることが一般的です（業務要件、システム要件については後ほど解説します）。
h2,    システム開発における要件定義の進め方とは？
p,            続いて、要件定義の進め方を紹介します。
h3,      既存システムの情報を集める
p,            要件定義を行うには、開発対象となるシステムや連携システム・周辺システムの仕様や動作環境、取り扱いデータの種類や型などに関する詳細な情報が必要です。そのため、システム開発者は、発注者から連携されるドキュメント類（各システムの基本設計書・詳細設計書・改修記録など）からさまざまな情報を収集します。
p,            ドキュメントが整備されていない場合や最新の情報が反映されていない場合は、開発対象システムを使って業務を行っている人（発注者側の社員）や保守担当者（発注者側の社員もしくは保守委託会社、前回のシステム開発担当者など）からも話を聞き、その時点での動作状況・利用状況などの確認を行います。
h3,      業務要件を明確にする
p,            必要な情報がそろったら、業務要件の明確化を行います。業務要件とは「開発を経た後、対象システムがどのように使用されることになるのか」という点についてまとめるもので、システムを使って行われる業務のフローやプロセス、入出力データ、システムによって行われる処理の種類やタイミングなどといった内容が含まれます。
p,            業務要件を明確化する際に重要なのは、「いつ・誰が・なぜ・どのようにシステムを使用して業務を行うのか」「どの業務やシステムと連携しているのか」という点を明示することです。そのため、業務要件はフロー図などを用いて視覚化されることが多く、必要に応じて組織図や事業区分のマトリクスなどが併記されるケースもあります。
p,            そして、明確化された業務要件をもとにシステム要件（業務要件の実現方法、開発前後のシステムにおける機能・ユーザビリティ・アクセシビリティ・保守体制など）の定義が行われ、業務要件とともに要件定義書へ記載されます。
h3,      予算・スケジュールを組む
p,            業務要件・システム要件の定義を受け、予算やスケジュールの検討が行われます。システム開発者は先ほど紹介したような工数・費用について見積もりを行い、システム開発終了までのスケジュールを組みます。発注者とシステム開発者との間で予算・工数・スケジュールに関する合意が得られたら、要件定義書の再確認を行い、次の工程へと進みます。
p,            要件定義の後は、基本設計（外部設計）、詳細設計（内部設計）、開発、テストなどの工程が順に行われ、実際の運用が開始されます。要件定義・その後の工程ともに、予算やスケジュールなどにある程度余裕をもたせて見積もりを行っておけば、不測の事態などにも対応しやすくなります。
h2,    システム開発で要件定義が重要な理由とは？
p,            システム開発で要件定義が重要と言われる大きな理由は、「プロジェクトに必要な要素を決める工程であるから」です。システム開発者側の担当者には、発注者から出された要望の実現可否や具体的な実装方法、プロジェクト全体のスケジュール、コストなどを正確に判断・提案する知識やスキルが求められます。そして、発注者側の担当者には、提案されたコスト・スケジュール・工数などにOK/NGを出せる知識や経験が必要です。
p,            また、「後の工程への影響度が高いから」というのも要件定義が重要視される理由のひとつです。要件定義の際にシステム開発者・発注者間で認識のすりあわせをしっかり行っておくと双方に信頼関係が生まれ、その後の工程がスムーズに進みやすくなります。要件定義で課題を残してしまうと、その後のコミュニケーションや報連相などもうまく行きにくいということを覚えておきましょう。
h2,    システム開発で要件定義が失敗するケースとは？
p,            では、要件定義が失敗に終わるのはどのようなケースなのでしょうか。多く見られる例を紹介します。
h3,      十分な知見を持ったメンバーがいない
p,            まず、システム開発に関して十分な知見を持ったメンバーがいないケースが挙げられます。システムの仕様やプログラミングに対する知識がない、システム開発の経験が浅い、工数や予算を適切に見積もれないなどといった人が担当者になると、要件定義がうまくいかない場合があります。逆に、発注者側・システム開発者側のどちらにも知見あるメンバーがアサインされていると、要件定義が成功する可能性も高まります。
h3,      信頼関係が構築できない
p,            要件定義中にメンバー間の信頼関係が構築できないケースも見られます。発注者とシステム開発者の間だけでなく、開発チームの構成員同士で信頼関係を築けない場合も同様です。要件定義に限ったことではありませんが、信頼関係の欠落によって正確な判断や相手への配慮が難しくなり、不当な要求・無茶な納期設定・超過労働などが発生してプロジェクトがうまく回らなくなることがあります。
p,            工数やスケジュールの正確な見積もりが重要となる要件定義において、メンバー間で信頼関係を築いておくと「無理なものは無理」と端的に伝えやすくなるため、その後の工程が円滑に進む場合もあります。
h2,    スムーズな要件定義をサポートする「クラウドワークス」
p,            上述のように、要件定義をスムーズに行うにはシステム開発の十分な知見を持ったメンバーが必要です。自社に適した人材がいない場合、要件定義をサポートしてくれる人材をクラウドソーシングサービスで探すという方法があります。
p,            たとえば、日本最大級のクラウドソーシングサービス「クラウドワークス」には、システム開発の知識と経験が豊富な人材が数多く登録しています。依頼前にはスキル・職歴などを確認できるため、要件定義の経験者に絞って人材を探すことも可能です。
p,            また、相談しながら仕事を進める「プロジェクト形式」で依頼を行えば適切なコミュニケーションを取ることができ、信頼関係が築きやすい点もメリットです。要件定義書の作成・システム開発によって発生するドキュメント修正などの業務に限定して依頼することもでき、要件定義終了後は「タスク形式」に切り替えてその後の工程を引き続き依頼することなども可能です。
p,            ▶クラウドワークスの使い方や事例、発注相場がわかる資料をダウンロードする
h2,    まとめ
p,            要件定義は発注者とシステム開発者が合意・協力のもとに行う工程です。その後の工程を左右する重要なフェーズであり、要件定義の成功には知見や信頼関係が欠かせません。要件定義に適したリソースが不足している場合、クラウドソーシングサービスなどを活用して良い人材を探すのもひとつの選択肢といえるでしょう。
h2,    クラウドワークスのサービス資料サービス特徴、活用事例、発注相場などを紹介しています。
h3,      
h3,      関連する記事
p,            コメントは受け付けていません。
h3,      編集部からのオススメ記事
h3,      人気のキーワードから探す
h3,      無料お役立ち資料
p,            「クラウドワークス」サービス説明資料
p,            クラウドワークスの特徴や使い方から、事例・クラウドワーカー属性まで解説しています。
p,            新しい人材活用「オンラインチーム」のススメと作り方
p,            現在注目されている「オンラインチーム」の作り方を事例と合わせて紹介しています。
p,            マーケティング担当者が、実施を検討したい25コの施策リスト
p,            プロモーションする上での25個の施策を比較し、実現可能な体制構築のポイントを紹介します。
h3,      編集部からのお知らせを受けとる
h2,    
title,成功するシステム開発、失敗するシステムその差を分析してみた｜けんせい｜note
h1,  
h1,  成功するシステム開発、失敗するシステムその差を分析してみた
p,            これまで100本以上のシステム開発に携わってきた。システム開発にも「成功」と「失敗」が存在する。せっかくやるなら「成功」したいと誰しもが思うはずだ。今回その成功確率を高める方法を分析していく。
h4,        目次
h3,      成功と失敗の定義
p,            そもそもシステム開発における成功の定義とは何か。見解は人様々だとは思う。私の中では「想定以上のユーザーにご愛用いただけること」である。じゃあ逆に失敗したシステム開発とは。これまでの経験から考えると、良い失敗と悪い失敗にさらに分解できる。各フェーズでどのようにシステム開発に向き合ったかが分岐点となっている。良い失敗は「企画構想、要件定義、設計」に情熱をもち、関係者をほどよく巻き込み取組んだ。が、最終的にはユーザーが使ってくれるにはいたらなかったケース。悪い失敗は、誰も真剣に取り組まず「企画構想、要件定義、設計」をないがしろにし、開発以降の工程で言った言わない問題が発生するような事案だ。
p,            表にまとめた。
p,            経験則的に成功する時は、上記の要素が全て揃っている。良い悪い失敗は曖昧だが、すくなくとも情熱的に取組む主担当がいるかどうかは一つのポイントになると考える。
p,            システム開発、アプリ開発の進め方・フェーズ・工程は以下で解説している。
h3,      情熱もった主担当
p,            成功可否を決める50%がここで決まる。何としても成功させたいと思っている主担当がいるか。中小企業の場合、社長や経営陣がどこまでコミットしてシステム開発に向き合い取組むのかということも重要だ。経営陣が主担当になるケースも多々ある。無機質なシステムを作るのに、精神論や根性論が出てくるところが不思議だ。しかし100回のシステム開発の経験結果に基づく成功事例の共通パターンとして上げざる負えない。まさに仏作って魂入れずというコトワザの通り、ITシステムもモノづくり要素が強く魂がスタート地点からこもっていると成功しやすい。
h3,      関係者巻き込み
p,            共感してもらえる人を上流工程でいかに巻き込むことができるかどうか。一緒にモノづくりしている工程に、共感者たちからの意見を反映しているかどうかで、リリース後の愛用いただけるかどうかに関わってくる。人を巻き込みすぎて動き辛くなってしまうのは本末転倒だ。おおよそ目安として1〜3名ほどに常に関わってもらい、一緒にシステム開発を進めていくストーリーを共有することを推奨する。
h3,      言語化
p,            上流工程で会議、打合せ、議論、話したことは面倒でも全て言語化して記録しておくと、成功確率と比例するということが判明した。要件定義書や走り書きのメモでも何でも良い。そしてメンバー全員が情報を取りにいける状況を作ること。また、変更が発生した場合にもすぐに情報共有ができるような体制と仕組みを整えておきたい。失敗したシステム開発のセカンドオピニオン相談が来た時に、上流工程を言語化した資料が見当たらないケースが90%以上である。逆にいうと記録しておくと、成功しやすいということの裏返しである。
h3,      ユーザー愛用
p,            社内向けシステムであれば、上記工程を丁寧にやれば100%成功する。社外向けシステムだと、そうはいかないこともある。どうすればユーザーにささるのか、愛用してもらえるのかというデータ検証を日々チェックし次回アクションを実施することを繰り返し行うことだ。ここでも情熱もった主担当がいることにより、愛用利用を目標としてゴールと掲げられると小さな失敗を繰り返しながらも少しずつ成功に近づいていくことができる。
h3,      まとめ
p,            再掲載した以下の表のチェックを実施することで、システム開発は成功にかなり近づけることができる。
p,            
p,            
h2,    このクリエイターの人気記事
h3,      ヤンキー理論をビジネスに応用した
h3,      「お仕事依頼は」こちらから
h3,      自己紹介
h2,    こちらもおすすめ
h3,      ITプロジェクトの失敗はエンジニアのせいではない
h3,      みんなに使ってもらえるデザインシステムづくり
h3,      プロトタイプ作って、それからどうすんの？
h3,      エンジニアとの共創により「未来のマーケティング」を実…
h3,      １分でわかる「UX戦略」
h3,      B2Bプロダクトの改善プロセス公開ーDESIGN-IN-HOUSE #2 …
h3,      Customer Success Managerには目の前のお客様の成功をも…
h3,      チーム開発を最高に楽しくしたプロジェクト家訓の話
h3,      1分でわかる「THIS IS SERVICE DES…
h3,      クックパッドのサービス開発の日常とデザイナーの醍醐味
h3,      プロのPMが現場で実践しているフォルダ管理のコツ
h3,      【アジャイル×デザインリサーチ】効率よくチームの目線…
title,［第1回］開発トラブルで訴訟が頻発　失敗に至る5大要因を知る | 日経クロステック（xTECH）
p,            詳しく検索する
h1,  ［第1回］開発トラブルで訴訟が頻発　失敗に至る5大要因を知る
p,            連載をフォロー
p,            本連載では、システム開発の具体的なトラブルを紹介しながら、失敗の原因と対策を明らかにする。今回は、システム開発トラブルの類型と、主な失敗の要因を説明する。特に「業務知識の不足」「パッケージの認識不足」は大失敗につながる。
p,            開発したシステムにバグが頻発する、利用部門が新システムを受け入れない、開発費が当初予算を大幅に超過した、納期遅れを繰り返した――。業務システム開発の現場では、失敗やトラブルが後を絶たない。
p,            深刻なケースでは、システムを発注したユーザー企業と、受注したITベンダーの間で訴訟に発展することもある。ひとたび訴訟になれば、双方が膨大なリソースを無駄に消費する。そこに勝者はいない。
p,            どうすれば、システム開発のトラブルや失敗を未然に防ぐことができるのか。本連載では、システム開発の典型的なトラブル事例をひもときながら、失敗の原因と回避策を解説する。
p,            第1回はその前座として、システム開発トラブルの類型と、トラブルが発生する主な理由について説明する。
h4,        現場で何が起きているのか
p,            日本情報システム・ユーザー協会（JUAS）の「企業IT動向調査2016」によると、システム開発の工期、予算、品質は、10年ほど前と比べてそれぞれ改善が見られる。
p,            だが規模の大きい500人月以上のシステムでは、工期遅れは44.5％、予算超過は39.6％、品質不満は29.2％と高止まりしている（図1）。多くのシステム開発で、ユーザー企業が工期、予算、品質に納得していない状況があるのは明らかだ。
p,            失敗したプロジェクトがたどる道はいくつかある。システムは完成したが、実際には使用されないケース。いずれかが失敗の責任を認め、示談金を支払うケース。そして話し合いでは解決できず訴訟に至るケースだ。
p,            訴訟が提起されれば、判決が確定するまでに数年、ときには10年近くかかる。企業の評判への影響を含め、ユーザー企業、ITベンダー共に大きなダメージを負うことになる。
h4,        開発失敗の5大要因とは
p,            日経コンピュータ2016年10月13日号の特集「『動かないコンピュータ』裁判を読み解く」によると、ユーザー企業とITベンダーが争った11の訴訟における開発トラブルの類型は、パッケージ導入問題が6件（50％超）、追加開発に関わるトラブルが8件（70％超）、データ移行に関わるトラブルが4件（40％弱）となっている。パッケージ導入と追加開発のトラブルが重複しているシステムも5件あった。
p,            これらの失敗原因をつぶさにみていくと五つの要因が浮かび上がってくる（図2）。自社の業務および業務管理に関するユーザー企業の知識が不足していること、業務パッケージソフトウエアの適切な活用法についてユーザー企業とITベンダー双方の認識が不足していること、発注者（ユーザー企業）と受注者（ITベンダー）のコミュニケーションが不足していること、プロジェクト管理に関する知識やスキルが不足していること、新しいITを使いこなす技術力が不足していること、である。
p,            今回は、具体的なケースに触れる前に、五つの原因のうち、業務知識・業務管理知識不足、パッケージ活用の認識不足の2点を中心に、筆者の体験を交えて解説しよう。
h4,        「現状のまま」は最大のリスク
p,            既存システムを再構築する開発プロジェクトでの最大のリスク要因といえば、システムの機能を説明した要求書に出てくる「現状のまま」という表現だろう。ユーザー企業が自社の業務知識に乏しいと、要件定義にこうした表現が頻出する。この知識不足が、後々の開発トラブルを招く。
p,            日本の情報システムの寿命は長く、20年以上も使っている場合もある。古い設計書が保守時に完璧に修正されているシステムはまれだ。
p,            最後の頼りはソースコードだが、これも古い未使用のコードがあったり、誰にも説明できない謎のロジックが残っていたりする。
p,            そこで多くのケースでは、ITベンダーのSE（システムズエンジニア）が既存システムのソースコードを基に日本語の仕様書を作成し、ユーザー企業に了解を求めることになる。これだけでは要求分析としては不十分で、最後は手間暇かけて総合テストで機能を確認する。
h4,        業務管理知識なしには作れない
p,            ソースコードの解析や総合テストを通じ、ユーザーの業務を解明しただけでは、良いシステムは作れない
p,            真に業務を効率化し、他社と比べ競争力のあるシステムを開発するには、業務フローを適切に管理するための知識、つまり「業務管理知識」がユーザーに求められる。
p,            在庫管理の業務であれば、適正在庫量、資産在庫と流通在庫の差、不良在庫、棚卸作業の意味などをユーザーが熟知していないと、たとえ新システムを導入したとしても、業務の効率化にはつながらない。
p,            ユーザー自身がこれらの管理技術を理解していない場合、ユーザーが要求する機能は往々にして、システムの改善にはつながらないトンチンカンなものになる。果たして役に立つシステムを開発できず、プロジェクトは失敗に至るというわけだ。
p,            もちろん、プロジェクト失敗の罪はITベンダーにもある。業務知識と業務管理知識を持たないユーザー企業を相手に「この程度のシステムなら当社で開発できるだろう」とITベンダー社長の一声で受注し、失敗の道をたどったシステムのいかに多いことか。
p,            私もかつてSEとして、業務知識の不足から痛い目を見た経験がある。ユーザー企業から渡された要求書の中に「○○管理が必要」と書いてあり、ほかに何も詳細な記述がなかった。
p,            この記述を軽視したまま開発費用を見積もった結果、後に見積もりにない機能の開発を求められ、所属企業に数千万円の損失を与えてしまった。
p,            ユーザー企業、ITベンダーの双方が業務知識と業務管理知識の重要性を認識していれば、係争にまで至ることはほとんどない。
p,            ソフトウエア開発の見積りは、「要求書に書いている言葉の奥深さを知らずに見積もったITベンダーの見積り額が、最も安くなる」という特徴がある。これをユーザー企業が認識せず、ITベンダーも甘く見ている案件は、容易に訴訟問題に発展しかねない。
h4,        パッケージはアドオンが失敗の種に
p,            「自社独自の情報システムは金食い虫だ。費用を抑えるため、パッケージを使用したい」と、ユーザー企業の経営者の多くは業務パッケージソフトに期待している。
p,            実際、業務パッケージがカバーできる範囲は広がっており、品質も以前より向上している。例えば、今のグローバルERP（統合基幹業務）パッケージは、日本企業が海外進出するのに必要な諸外国の業務知識について、大枠でカバーできている。
p,            だが、日本国内の業務にグローバルERPパッケージを適用すると、大きな壁に当たる。「自社の業務をパッケージ機能に合わせればよい」という上司の一声で導入したものの、業務担当者は「そんなことをしたら、我が社のビジネスの良さが消えてしまう」と反対し、販売部門は「お客様との取引方法の変更を無理強いすれば、我が社の売り上げは低下するが、それでよいのか」と開き直る。結果、「機能不足はアドオン(機能追加)でカバーする」という発想に流れがちだ。
p,            一般的に、アドオン開発による追加費用がパッケージ費用の30％を超す見込みの場合、パッケージを使わずスクラッチ開発したほうが安価で、導入効果も高くなるとされる。
p,            この基準を意識せずに要求を膨らませ、アドオン費用の方がパッケージ費用よりも高くなったケースは数知れない。当然、当初の開発予算は大幅に超過し、トラブルの種になる。
h4,        フィットギャップ分析の罠
p,            パッケージ選択の際には通常、自社業務とパッケージの適合性を調べる「フィットギャップ分析」を実施する。ここにもトラブルの種がある。
p,            問題は、分析の仕方だ。ユーザー側の担当者は、フィットギャップ分析を「自分たちの要望を伝える機会」と軽く考える傾向がある。一方、ベンダー側はパッケージのデモを実施して、「このような機能がありますが、貴社の業務はこれでカバーできますか」と了解を求める。
p,            本来は、ユーザー企業が業務フローや業務処理定義書を示したうえで「自社の業務はこのような業務手順でこの基準を使用しています。実際にカバーできますか」とベンダーに問う形で、ギャップ分析を進める必要がある。現行業務とパッケージが適合しない場合、自社業務をパッケージに合わせるか否か、の経営判断も求められる。
p,            こうした分析を怠ると、実際に設計、実装、総合テストと工程が進むほど、ユーザーの違和感が大きくなる。システムに触れた利用部門が導入に異議を唱え、「このパッケージは使えない」という結論になり、ユーザー企業がITベンダーを訴える、というわけだ。
p,            パッケージ導入を巡り訴訟に至った事例では、ユーザー企業側が「ユーザーが期待する業務」を示したドキュメントが作成していないケースが多い。要求が分からなければ、ITベンダー側は勝手に解釈しがちになり、トラブルを招く。
p,            パッケージによっては、導入すると各部門の業務負担が変わる場合もある。既存システムでは各部署で個別に情報を追加していたのが、パッケージでは営業部門がまとめて詳細情報まで入力する、といった具合だ。
p,            こうなると、「他部門の負荷が減るからと言って、自部門の入力負荷が増加するのは耐えられない」とパッケージ導入に反対する現場の圧力が高まる。この場合も、パッケージの機能不足をアドオンで補い、現場の理解を得たい、との発想が出やすくなる。
h4,        アドオン形態にも注意
p,            パッケージに機能を追加するアドオンは、使い方によっては大きなトラブルにつながる（図3）。
p,            パッケージはノンカスタマイズで使うのが最も理想的な導入方法だ。機能を追加する場合も、パッケージ本体を変更せず、別のシステムを外付けすることで機能を追加する場合は、追加に伴う品質問題は発生しにくい。ただし、外付けする機能が多いと、開発コストの膨張が課題になる。
p,            最もリスクが高いのが機能追加のためパッケージ本体を修正するケースだ。この場合、システムの保守性は悪化する。システム開発時点で問題が起こらなくても、後々の保守作業で、ITベンダーから高額な費用を要求され、トラブルに発展する可能性が高まる。
p,            どこが基本機能で、どこからがアドオン開発であるのか、意識されずに納品される場合さえある。このようなパッケージの使用は、できる限り避けたほうがよい。
p,            次回からは、具体的な事例を通じてトラブルの要因と対策をみていく。
p,            出典：日経コンピュータ　2017年4月13日号 pp.60-63
p,            記事は執筆時の情報に基づいており、現在では異なる場合があります。
h2,    目次
h3,      ［最終回］開発トラブルを未然に防ぐ　プロジェクト人選の勘所
p,            開発トラブルを未然に防ぐ最も効果的な対策は、適切な人材を、適切な役職に就けることだ。業務システムの要件定義では、業務知識や業務管理知識を持つ人材の登用がカギを握る。現場からのアラートを受け付ける組織を設け、人格面で優れた人材を当てる工夫も必要だ。優れたプロジェクトチームを作ることが、トラブル防止の…
h3,      ［第8回］経営者の「思い付き」が迷走招く　理想と現実のすり合わせを怠るな
p,            先進的なITを導入すれば、たちどころに経営改善の効果が現れる。そんなストーリーに乗って、経営者がシステム開発の指示を出すケースがある。だが、経営者の指示が現場の実態と乖離したままでは、プロジェクトはいずれ行き詰まる。
h3,      ［第7回］予期せぬパッケージのサポート停止　OSのバージョンアップに追従できず
p,            オフコンのサポート停止を受けて、オープン系のパッケージソフトに移行する企業は多い。だが、パッケージベンダーが突然、サポート停止を宣言するリスクは意外に知られてない。停止の理由はベンダーの廃業や買収、OSの更新に追従できないなど様々だ。ユーザー企業はパッケージ導入に当たり、サポート停止のリスクを勘案…
h3,      ［第6回］契約書を巡るトラブルが多発　民法改正も踏まえ条文の精査を
p,            システム開発に当たり、ユーザー企業とITベンダーが交わす契約書。その条文の解釈を巡るトラブルが絶えない。大手ベンダーが用意した契約書だからとよく読まずに契約するのは禁物。法律の改正も踏まえ、公正な契約を結ぶ努力が欠かせない。
h3,      [第5回]脚光浴びる生産スケジューラ　宣伝に踊らされず、腰据えて導入を
p,            「スマート工場」「インダストリー4.0」といったブームに乗り、自動化工場の中核システムである「生産スケジューラ」が脚光を浴びている。だが生産スケジューラは、想定以上に導入が難しいシステム。使いこなすには、生産体制の見直しを含めた長期の取り組みが求められる。
h3,      ［第4回］海外製ERPパッケージ導入が頓挫　日本企業に合わない３つの理由
p,            ある中堅設備機器メーカーは販売管理システムを刷新するため、海外製ERPパッケージの導入を企画した。だが、構築したシステムに現場から不満が噴出。システムは廃棄された。失敗の背景には、日本の商慣習とは合わない海外製ERPの特性がある。
h3,      ［第3回］カスタマイズ費の膨張が止まらない　原因はパッケージの認識違い
p,            パッケージの修正費が膨らむトラブルは、今も枚挙に暇がない。実は、この種の問題は海外製より国産製品の採用時に起こりがちだ。かつての国産パッケージはカスタマイズが当然だったが、今は違う。「パッケージは修正しない」という原則を今一度肝に銘じたい。
h3,      [第2回]「現状のまま」は禁句　システム刷新の落とし穴
p,            基幹システムの刷新でトラブルが起きやすい典型パターンは、旧システムの機能を、現状のまま新システムに載せ替えるケースだ。既存システムには自社業務や業界慣習に基づく機能を組み込んでいる。こうした機能を「現状のまま」新システムに反映させるのは本質的に難しい。
h2,    日経クロステック Special
h3,      What's New
h3,      経営
h3,      クラウド
h3,      アプリケーション／DB／ミドルウエア
h3,      運用管理
h3,      設計／開発
h3,      サーバー／ストレージ
h3,      ネットワーク／通信サービス
h3,      セキュリティ
h2,    ピックアップ
h2,    ランキング IT
h3,      NTTデータやインドTCSに追いつかれた富士通のサービス事業、次の一手は
h3,      「ahamoショック」にMVNOは耐えられるか、mineoが月200円上乗せで5G対応
h3,      驚異的な性能向上は本物か、M1搭載「Mac mini」の実力を試す
h3,      天才プログラマー謹製LGWAN向けテレワークシステム、460自治体が使い始めた裏側
h3,      福井県の企業支援サイトが消失、バックアップが残っていた意外な場所
h3,      「ソフトウエアにカネを払えるか」と言った日本企業、悔い改めてもDXが的外れなワケ
h3,      「ahamoショック」にMVNOは耐えられるか、mineoが月200円上乗せで5G対応
h3,      ノートPCの内蔵ストレージ最新事情、小型・高速のSSDが普及しさらに快適に
h3,      新機軸を打ち出した「グーグルペイ」は無敵なのか、そのインパクトを検証する
h3,      コンテナ管理ツールのKubernetesがさらに進化、次世代の「OS」に
h3,      福井県の企業支援サイトが消失、バックアップが残っていた意外な場所
h3,      ドコモが月20ギガバイトで2980円の新料金「ahamo」、5分以内の国内通話も無料
h3,      使って実感、iPhone 12 miniこそiPhone SE（第2世代）であってほしかった
h3,      部屋の「電球」を観測すると盗聴が可能に、スパイ映画顔負けのLamphone
h3,      「ソフトウエアにカネを払えるか」と言った日本企業、悔い改めてもDXが的外れなワケ
p,            ランキング一覧
h2,    おすすめ転職情報
h3,      マーケティング企画・デザイナー（グローバルプロモーション）/ 自動認識ソリューションの大手企業
p,            大手企業（自動認識ソリューションの大手企業、東京都）
h3,      PM/インフラ/基盤方式/リーダー
p,            人気求人（株式会社エヌ・ティ・ティ・データ、東京都）
h3,      SE（PL/PM候補）【東証一部上場】※関西 ※複数名採用予定
p,            大手企業（日系Sier、大阪府）
h3,      市場系金融商品の時価評価・リスク管理システム開発
p,            社内SE（日系大手銀行、東京都）
h3,      日経TECHキャリア
p,            あなたに属性に合わせた最適な求人情報を掲載します。迷ったらおまかせ問い合わせ
h3,      APSP/旅行観光業界システム企画、開発を担うリーダ【法人】
p,            人気求人（株式会社エヌ・ティ・ティ・データ、東京都）
h3,      システム体制の構築担当
p,            社内SE（日系大手銀行、東京都）
h3,      ゲームプロデューサー【東証一部上場】
p,            人気求人（KLab株式会社、東京都）
h3,      ITコンプライアンス/Governance Manager
p,            社内SE（プルデンシャル・システムズ・ジャパン株式会社、東京都）
h3,      プロジェクトマネージャー（ペイメントビジネスなど）【東京】
p,            大手企業（日系大手メーカー、東京都）
h3,      フォレンジック/インシデントレスポンスエンジニア
p,            人気求人（日系Sier、東京都）
p,            日経TECHキャリアへ
h2,    おすすめのセミナー
h3,      ITリーダー養成180日実践塾　【第10期】
p,            8回のセミナーでリーダーに求められる“コアスキル”を身につけ、180日間に渡り、講師のサポートの...
h3,      ITリーダー養成50日集中塾　　【第13期】【第14期】
p,            ITの世界で活躍する女性がリーダーとしてさらに力を発揮できるようになるトレーニングプログラムです...
h3,      「リモートワーク時代の変革リーダー」オンライン講座 【第1期】
p,            DXの前提条件となる各種グローバルスタンダードだけでなく、組織の基本である人と組織のマネジメント...
h3,      ITアーキテクト養成講座【第12期】
p,            システム開発で一般的な「V字開発モデル」に沿って、上流工程から順を追ってITアーキテクトのタスク...
h3,      新商品アイデア、ビジネスチャンスの発見に必須の「ジョブ理論」
p,            ジョブ理論を実践的に活用するための「JOBSメソッド」を分厚い解説書を読まずに習得できるセミナー...
p,            セミナー一覧
h2,    おすすめの書籍
h3,      すべてわかるゼロトラスト大全
p,            これからのセキュリティー対策の基本となるゼロトラストを基礎から解説すると共に、ゼロトラストを支え...
h3,      IT業界徹底研究　就職ガイド2022年版
p,            2022年に卒業する学生に向けた、IT/通信業界の動向や代表的な企業・職種・仕事の魅力がこれ一冊...
h3,      DX推進から基幹系システム再生まで　デジタルアーキテクチャー設計・構築ガイド
p,            多くの企業で、デジタル化を果たそうとする動きが出てきました。そこで本書では、DXのための情報シス...
h3,      デジタルケイパビリティ　ＤＸを成功に導く組織能力
p,            日本企業には日本企業に合ったデジタル化手法をとるべきで、具体的には「５つの力」を組織として備える...
h3,      初心者でもしっかりわかる 図解ネットワーク技術
p,            インターネットでおなじみのTCP/IP。そのTCPとは、IPとは、といったところから懇切丁寧にネ...
p,            書籍一覧
p,"            Copyright © Nikkei Business Publications, Inc. All Rights Reserved."
h3,      この機能は会員登録（無料）で使えるようになります
h3,      フォロー連載・特集
h3,      設定
title,難しくなった要件定義 | 日経クロステック（xTECH）
p,            詳しく検索する
h1,  難しくなった要件定義
p,            ITエンジニアに何が必要か
p,            要件定義を終えたあとの工程でシステムの仕様が変更され、設計、製造、テストをやり直す。システム構築プロジェクトでは、この「手戻り」がしばしば発生します。手戻りは、品質・コスト・納期に大きな影響を与えます。品質・コスト・納期を守るには、手戻りをできる限りなくすことが欠かせません。
p,            手戻りの最大の原因は、要件定義の失敗にあります。手戻りが発生する要件定義の失敗パターンを三つ挙げましょう（図1）。
p,            一つ目は、要件に過不足が生じる、というパターンです。システム化の目的・目標を実現するために必要な要件に抜けや漏れがあったり、不要な要件を盛り込んでしまったりします。要件を決める材料である課題や解決策について議論する段階で、すでにそれらに過不足が生じているケースもあります。
p,            二つ目は、要件定義書に記載された内容が具体性に欠ける、というパターン。要件定義書の記述内容を見ても、新しい業務プロセス、システムが備えるべき機能、入出力情報がはっきりしない、というものです。
p,            決めた要件について、プロジェクトの承認者となる経営層、上級管理者、利用部門の代表者といった主要な利害関係者から十分な合意を得られない。これが三つ目の失敗パターンです。合意を得られないので、要件定義が長引きます。もしくは要件が確定しないまま、見切り発車で設計工程に進むこともあります。
p,            次ページ 業務を抜本的に見直すプロジェクトが増えた
h3,      手戻りなしの要件定義［業務の分析・設計］
p,            次の記事
h4,        要件定義の進め方とスキル
h2,    あなたにお薦め
h3,      要件定義の進め方とスキル
h3,      AIシステムの要件定義
h3,      非機能要件定義
h3,      AI機能要件定義
h3,      バックエンド機能要件定義
h3,      フロントエンド要件定義
h3,      業務要件定義/管理機能要件定義
h3,      DXの要件定義、基幹系プロジェクトとはこう違う
h3,      要件定義の進め方
h3,      ITプロジェクト推進力コース
h3,      方針と実施計画の策定(手順1)
h3,      システム設計とストーリー作り
h2,    注目のイベント
h3,      1日1テーマ、60分でわかるニューノーマル時代のDX ～ DIGITAL Foresight 2020-2021 Winter
p,            2020年 12月 8日 17:00～ 2021年1月28日 18:00
h2,    ラーニングのランキング
h3,      OJTを効果的に進める方法
h3,      「打合せ」は間違い？送り仮名の付け方に悩むSE
h3,      論理演算の種類と真理値表
h3,      一目で要点が分かる「要約」の書き方
h3,      Pythonの「クラス」を理解、オブジェクト指向プログラミングの基本を押さえる
h3,      2進数と10進数の変換方法
h3,      Pythonでデータ分析するなら必須、pandasライブラリーを使ってみよう
h3,      エグゼクティブサマリーの作り方
h3,      度を越した完璧主義から脱出する
h3,      適切な結線方式の理解
h3,      一目で要点が分かる「要約」の書き方
h3,      「打合せ」は間違い？送り仮名の付け方に悩むSE
h3,      2進数と10進数の変換方法
h3,      Pythonでデータ分析するなら必須、pandasライブラリーを使ってみよう
h3,      Pythonの「クラス」を理解、オブジェクト指向プログラミングの基本を押さえる
h3,      論理演算の種類と真理値表
h3,      適切な結線方式の理解
h3,      確認申請が必要な工事とは
h3,      エグゼクティブサマリーの作り方
h3,      なぜコンピューターは2進数を使うのか
h2,    おすすめのセミナー
h3,      ITリーダー養成180日実践塾　【第10期】
p,            8回のセミナーでリーダーに求められる“コアスキル”を身につけ、180日間に渡り、講師のサポートの...
h3,      ITリーダー養成50日集中塾　　【第13期】【第14期】
p,            ITの世界で活躍する女性がリーダーとしてさらに力を発揮できるようになるトレーニングプログラムです...
h3,      「リモートワーク時代の変革リーダー」オンライン講座 【第1期】
p,            DXの前提条件となる各種グローバルスタンダードだけでなく、組織の基本である人と組織のマネジメント...
h3,      CIO養成講座 【第28期】
p,            業種を問わず活用できる内容、また、幅広い年代・様々なキャリアを持つ男女ビジネスパーソンが参加し、...
h3,      新商品アイデア、ビジネスチャンスの発見に必須の「ジョブ理論」
p,            ジョブ理論を実践的に活用するための「JOBSメソッド」を分厚い解説書を読まずに習得できるセミナー...
p,            セミナー一覧
h2,    ラーニングの講座
h3,      ビジネススキル（ベーシック）
h3,      ビジネススキル（マネジメント）
h3,      キャリア
h3,      テクノロジー（一般）
h3,      テクノロジー（IT）
h3,      ITシステム開発
h3,      ネットワーク技術
h3,      ITデータ分析
h3,      ITプロジェクトマネジメント
h3,      ITリーダー・マネージャー
h3,      マネジメント（製造）
h3,      品質（製造）
h3,      コスト削減（製造）
h3,      付加価値（製造）
h3,      建築・土木
h3,      学習コース
h3,      ラーニングトップ
p,"            Copyright © Nikkei Business Publications, Inc. All Rights Reserved."
h3,      この機能は会員登録（無料）で使えるようになります
h3,      フォロー連載・特集
h3,      設定
title,【システム開発の怖い話】要件定義が終わらず、ベンダーが逃げた。 | ガチで、システムわからないんだけど……。 | ダイヤモンド・オンライン
h1,  【システム開発の怖い話】要件定義が終わらず、ベンダーが逃げた。
h2,    社長がアホやからITがでけへん。【第4回】
p,            細川義洋
p,            有料会員になると記事のクリップ機能がご利用いただけます。詳細はこちら
p,            細川義洋
p,            ほそかわ・よしひろ
p,            
p,            政府CIO補佐官。ITプロセスコンサルタント。元・東京地方裁判所民事調停委員・IT専門委員、東京高等裁判所IT専門委員。立教大学経済学部経済学科卒業後、NECソフト株式会社（現NECソリューションイノベータ株式会社）にて金融機関の勘定系システム開発など多くのITプロジェクトに携わる。その後、日本アイ・ビー・エム株式会社にて、システム開発・運用の品質向上を中心に、多くのITベンダと発注者企業に対するプロセス改善とプロジェクトマネジメントのコンサルティング業務を担当。独立後は、プロセス改善やIT紛争の防止に向けたコンサルティングを行なう一方、ITトラブルが法的紛争となった事件の和解調停や裁判の補助を担当する。これまで関わったプロジェクトは70以上。調停委員時代、トラブルを裁判に発展させず解決に導いた確率は９割を超える。システム開発に潜む地雷を知り尽くした「トラブル解決請負人」。2016年より政府CIO補佐官に抜擢され、政府系機関システムのアドバイザー業務に携わる。著書に『なぜ、システム開発は必ずモメるのか？ 49のトラブルから学ぶプロジェクト管理術』『「IT専門調停委員」が教える モメないプロジェクト管理77の鉄則』（ともに日本実業出版社）、『プロジェクトの失敗はだれのせい？』『成功するシステム開発は裁判に学べ！』（ともに技術評論社）などがある。
p,            
p,            ガチで、システムわからないんだけど……。
p,            
p,            バックナンバー一覧
p,            かつてない「システム発注者のための入門書」として注目を集め、現在5刷のロングセラー『システムを「外注」するときに読む本』。本連載では、その著者であり元東京高等裁判所IT専門調停委員、現在は経済産業省CIO補佐官の細川義洋氏が、システム開発における「経営者の役割と責任」を裁判例や実例をベースに問うていきます。（構成：今野良介）。
h2,    「完璧な要件定義」を目指した末路
p,            自社の業務を改善し、新しい事業を始めようとするのであれば、それを支援する何らかのITシステムを導入することは、もはや必須と言っても良いほどに当たり前になってきました。
p,            ITシステムを導入するには、当然のことながら、そのシステムに持たせたい機能や性能を決めて、ITベンダーに伝えなければなりません。たとえば、「顧客の購買履歴から消費傾向を分析し、顧客ごとに効果的な広告を打ちたい」と考えるなら、システムには、次のような性能を「要件」として定める必要があります。
p,            ・購買履歴として商品名、価格、年月日、購買理由を記録する・顧客の消費傾向にマッチする当社製品を複数選択する・効果的なWEB広告媒体と発信日時を決定する・購買履歴の入力は、打鍵開始から記録までを30秒以内で完了すること……などなど
p,            この「要件を決める作業」が、一般に「要件定義」とか「要求定義」、あるいは「仕様確定」などと呼ばれるものです。
p,            企業の活動にはITシステムが必須という時代ですから、この要件定義は、ほとんどすべての企業が行わなければならない仕事だと言えます。銀行であれ商社であれ、町工場、旅館、芸能プロダクションであれ、業態や規模の大小を問わず、ITシステムの要件定義は経理や人事と同じ必須スキルになってきました。
p,            とはいえ、ITシステムというものは専門性が高いですから、発注者企業内の人間だけで要件定義を行うことは困難なことも多いものです。事実、ITベンダーに大まかな要望だけを伝えて、「要件定義書」を作ってもらう、という例も少なくありません。
p,            ところが、これにも多くの問題があるのです。要件定義書を作るITベンダー側が、発注者企業の業務を理解せず、いつまで経っても要件が決まらず、何年かかっても欲しいシステムが手に入らない、ということがあります。
p,            発注者企業としては、多額の費用を掛けてITシステムを導入するわけですから、ベンダーにもしっかりと業務を理解してもらいたいところですし、要件定義書に不備があれば、納得のいくまでしっかりと修正をしてもらいたい、と考えるのは当然でしょう。
p,            しかし実際には、要件定義の修正は、いつまででも続けられるものではありません。
p,            たとえば、過去にこんな裁判がありました。
p,            ------
p,            以前、ある人材派遣企業が、基幹システムの要件定義と開発をベンダーに依頼した。人材派遣企業は、ベンダーの作る仕様書（要件定義書）の出来が気にくわなかったようで、ベンダーが何度直してもOKを出さず、要件が決まらないまま約2年が過ぎた。2年経っても要件定義すら終わらず、いつ終わるのかすら分からないという状態に、ベンダーの方が我慢しきれなくなり、あるとき、ベンダーは契約を解除した。
p,            突然の解約に驚いた人材派遣企業は、「これはベンダーの債務不履行だ」として、損害賠償を求める訴訟を提起した。
p,            ------
p,            こうした例は他にもいくつかあって、とにかく発注者企業がITベンダーに「100点満点」を求めること、つまり「自分達が思いつくすべての機能を入れて、品質も盤石になるような要件定義をしなければならない」と望むことが、要件定義段階のトラブルを引き起こすケースが多いのです。
p,            正直、それではベンダーも逃げます。いつまで経っても先の見えない要件定義を延々と続けさせられていたら、ベンダーも人を貼り付けっぱなしにできませんし、コストばかりが膨らんで赤字です。「とっとと逃げて、こんな質の悪いお客さんには近寄らないようにしよう」と考えるようになってしまいます。
p,            実際、この裁判の判決は、こうでした。
p,            ---------
p,            （発注者である人材派遣企業が）新たな要求事項を追加するなどして、本件ソフトウェアの要件定義を確定させようとしなかった上、ベンダーから提案された追加費用の負担にも一切応じようとしなかったことに最大の原因があると考えられる。そうだとすれば、ベンダーに債務不履行の原因があるということはできないというべきである。
p,            ---------
p,            つまり、人材派遣企業の言い分は却下されたのです。
p,            良いITシステムを導入するのに熱心なこと自体は、もちろんよいことです。ですが、度が過ぎると、ベンダーが持ちませんし、いつまで経っても何も出来ないプロジェクトになってしまいます。
p,            本来あるべき姿は、ベンダーに頼らなくても、自分達で要件定義ができる程度のスキル・知識を発注者側の社員が持っていることです。会社の経営陣としても、そうした観点で、社員向けのIT教育を充実させることが大切だと、わたしは思っています。
p,            『システムを「外注」するときに読む本』では、発注者企業が、ＩＴベンダーに発注する前に最低限の知識を得て、トラブルを回避してプロジェクトを成功させるためのポイントを凝縮しています。是非ご一読され、使い倒し、貴社のプロジェクトの成功に寄与できることを心より願っています。
p,            次のページ
p,            システムの「外注」成功の鉄則
p,            有料会員になると記事のクリップ機能がご利用いただけます。詳細はこちら
p,            システムを「外注」するときに読む本
p,            細川　義洋 著
p,            ＜内容紹介＞
p,            システムの外注は失敗率が異常に高いプロジェクト。元IBMのプロマネで「ＩＴ紛争解決請負人」のシステム開発スペシャリストが、実際のトラブル事例や裁判例を元に、失敗の本質と原因を網羅した７つのストーリーから成功法則を導き出した１冊。今までなかった、「発注者」に向けた入門書の決定版！
p,            関連記事
h2,    特集
h3,      ウィーワーク「最大半額」値下げでもハード・ソフト両面で瀬戸際な理由
h3,      NEC新野社長がNTT支配に反論！「家来には成り下がらない」
h3,      ワークマンを生んだベイシア「創業者ジュニア」、新経営戦略を語り尽くす
h3,      賃貸物件を建てていい地域・ダメな地域、空室率や敷金・礼金を見よ！
p,            あなたにおすすめ
p,            書籍オンライン 記事ランキング
p,            服が、めんどい　「いい服」「ダメな服」を１秒で決める
p,            センスの悪い男性が、つい選んでしまう「ダメな私服」
p,            服が、めんどい　「いい服」「ダメな服」を１秒で決める
p,            センスの悪い人が買う「ダウンジャケット」はこれだ！
p,            発達障害サバイバルガイド
p,            発達障害の僕が発見した「食事はラーメンとコンビニでいいや」という人に伝えたいたった一つの事実
p,            対比思考
p,            「理解力や読解力が低い人」に共通するヤバい口ぐせ
p,            独学大全
p,            独学の達人はやっている「勉強でここから先は自分の能力の限界だ」と思ったときの復活法
p,            服が、めんどい　「いい服」「ダメな服」を１秒で決める
p,            センスの悪い人が買う「ダウンジャケット」はこれだ！
p,            対比思考
p,            「理解力や読解力が低い人」に共通するヤバい口ぐせ
p,            ULTRA LEARNING　超・自習法
p,            「TEDで話題の独学術」が解説！ 【インドの天才数学者・ラマヌジャン】の才能を爆発させた“すごい勉強法”とは？
p,            独学大全
p,            心が強い人は「面接で緊張する自分」を他人のように扱う
p,            独学大全
p,            独学の達人がやっている「図書館を使い倒す」超具体的な方法
p,            服が、めんどい　「いい服」「ダメな服」を１秒で決める
p,            センスの悪い人が買う「ダウンジャケット」はこれだ！
p,            対比思考
p,            「理解力や読解力が低い人」に共通するヤバい口ぐせ
p,            子育てベスト100
p,            「子どものご飯はちょいちょいコンビニ」という親が知るべき3つのこと
p,            独学大全
p,            9割の人が知らない「人に親切にすると損をする」と思ったら知るべきたった一つの事実
p,            ぶっちゃけ相続
p,            税務調査の怖い質問、ウソはこうしてバレる！
p,            おれは無関心なあなたを傷つけたい
p,            なぜ、ウーマン村本大輔は「THE MANZAI」でメッセージを発信し続けるのか？
p,            反省記
p,            ついに明かされる！　伝説のパソコン「MSX」誕生の驚くべき“舞台裏”
p,            知らないと大損する！　定年前後のお金の正解
p,            知らないとヤバイ！ 「源泉徴収票」 の大事なポイント
p,            対比思考
p,            「理解力や読解力が低い人」に共通するヤバい口ぐせ
p,            ULTRA LEARNING　超・自習法
p,            「TEDで話題の独学術」が解説！ 【インドの天才数学者・ラマヌジャン】の才能を爆発させた“すごい勉強法”とは？
p,            書籍 週間ランキング
p,            子どもに伝わるスゴ技大全 カリスマ保育士てぃ先生の子育てで困ったら、これやってみ！
p,            てぃ先生 著
p,            独学大全
p,            読書猿 著
p,            「育ちがいい人」だけが知っていること
p,            諏内えみ 著
p,            嫌われる勇気
p,            岸見一郎 著/古賀史健 著
p,            精神科医が教える ストレスフリー超大全
p,            樺沢紫苑 著
p,            子育てベスト１００
p,            加藤紀子 著
p,            脱マウス最速仕事術
p,            森 新 著
p,            「自分だけの答え」が見つかる 13歳からのアート思考
p,            末永幸歩 著
p,            ワークマン式「しない経営」
p,            土屋哲雄 著
p,            成功者がしている100の習慣
p,            ナイジェル・カンバーランド 著/児島 修 訳
p,            (POSデータ調べ、11/22～11/28)
p,            ダイヤモンド社のサイト
p,"            DIAMOND,Inc. All Rights Reserved"
